Div,Date,HomeTeam,AwayTeam,FTHG,FTAG,FTR,HTHG,HTAG,HTR,Referee,HS,AS,HST,AST,HF,AF,HC,AC,HY,AY,HR,AR
E0,2009-08-15,Chelsea,Hull,2.0,1.0,H,1.0,1.0,D,A Wiley,26.0,7.0,12.0,3.0,13.0,15.0,12.0,4.0,1.0,2.0,0.0,0.0
E0,2009-08-29,Chelsea,Burnley,3.0,0.0,H,1.0,0.0,H,M Clattenburg,27.0,3.0,17.0,0.0,7.0,5.0,10.0,1.0,0.0,1.0,0.0,0.0
E0,2009-09-20,Chelsea,Tottenham,3.0,0.0,H,1.0,0.0,H,H Webb,25.0,9.0,15.0,4.0,7.0,9.0,11.0,3.0,0.0,2.0,0.0,0.0
E0,2009-10-04,Chelsea,Liverpool,2.0,0.0,H,0.0,0.0,D,M Atkinson,12.0,12.0,8.0,3.0,14.0,17.0,5.0,8.0,1.0,1.0,0.0,0.0
E0,2009-10-24,Chelsea,Blackburn,5.0,0.0,H,1.0,0.0,H,A Wiley,26.0,5.0,15.0,2.0,8.0,10.0,8.0,0.0,0.0,1.0,0.0,0.0
E0,2009-11-08,Chelsea,Man United,1.0,0.0,H,0.0,0.0,D,Mn Atkinson,12.0,21.0,9.0,10.0,13.0,15.0,0.0,7.0,3.0,3.0,0.0,0.0
E0,2009-11-21,Chelsea,Wolves,4.0,0.0,H,3.0,0.0,H,L Mason,23.0,4.0,14.0,3.0,4.0,14.0,5.0,6.0,0.0,2.0,0.0,0.0
E0,2009-12-12,Chelsea,Everton,3.0,3.0,D,2.0,2.0,D,P Dowd,25.0,10.0,13.0,7.0,13.0,17.0,7.0,1.0,0.0,1.0,0.0,0.0
E0,2009-12-16,Chelsea,Portsmouth,2.0,1.0,H,1.0,0.0,H,M Clattenburg,21.0,7.0,8.0,3.0,11.0,11.0,11.0,2.0,0.0,0.0,0.0,0.0
E0,2009-12-28,Chelsea,Fulham,2.0,1.0,H,0.0,1.0,A,A Marriner,18.0,3.0,11.0,3.0,9.0,13.0,10.0,6.0,1.0,1.0,0.0,0.0
E0,2010-01-16,Chelsea,Sunderland,7.0,2.0,H,4.0,0.0,H,C Foy,23.0,7.0,13.0,3.0,4.0,10.0,15.0,1.0,0.0,1.0,0.0,0.0
E0,2010-01-27,Chelsea,Birmingham,3.0,0.0,H,2.0,0.0,H,S Bennett,25.0,5.0,17.0,3.0,11.0,8.0,8.0,3.0,0.0,0.0,0.0,0.0
E0,2010-02-07,Chelsea,Arsenal,2.0,0.0,H,2.0,0.0,H,M Dean,9.0,14.0,3.0,6.0,11.0,14.0,4.0,8.0,2.0,2.0,0.0,0.0
E0,2010-02-27,Chelsea,Man City,2.0,4.0,A,1.0,1.0,D,M Dean,23.0,8.0,13.0,6.0,21.0,12.0,3.0,2.0,3.0,1.0,2.0,0.0
E0,2010-03-13,Chelsea,West Ham,4.0,1.0,H,1.0,1.0,D,M Clattenburg,22.0,4.0,15.0,2.0,13.0,10.0,11.0,1.0,0.0,1.0,0.0,0.0
E0,2010-03-27,Chelsea,Aston Villa,7.0,1.0,H,2.0,1.0,H,P Walton,13.0,7.0,11.0,5.0,12.0,5.0,8.0,6.0,3.0,2.0,0.0,0.0
E0,2010-04-13,Chelsea,Bolton,1.0,0.0,H,1.0,0.0,H,L Probert,18.0,7.0,8.0,2.0,13.0,22.0,5.0,2.0,1.0,4.0,0.0,0.0
E0,2010-04-25,Chelsea,Stoke,7.0,0.0,H,3.0,0.0,H,S Bennett,29.0,3.0,18.0,2.0,14.0,12.0,7.0,0.0,0.0,3.0,0.0,0.0
E0,2010-05-09,Chelsea,Wigan,8.0,0.0,H,2.0,0.0,H,M Atkinson,17.0,4.0,10.0,3.0,14.0,9.0,2.0,3.0,2.0,2.0,0.0,1.0
E0,2009-08-18,Sunderland,Chelsea,1.0,3.0,A,1.0,0.0,H,S Bennett,4.0,20.0,3.0,9.0,14.0,10.0,1.0,14.0,2.0,2.0,0.0,0.0
E0,2009-08-23,Fulham,Chelsea,0.0,2.0,A,0.0,1.0,A,A Marriner,4.0,12.0,1.0,4.0,11.0,10.0,4.0,7.0,0.0,0.0,0.0,0.0
E0,2009-09-12,Stoke,Chelsea,1.0,2.0,A,1.0,1.0,D,M Dean,4.0,18.0,2.0,10.0,13.0,11.0,4.0,14.0,3.0,3.0,0.0,0.0
E0,2009-09-26,Wigan,Chelsea,3.0,1.0,H,1.0,0.0,H,P Dowd,15.0,14.0,9.0,8.0,11.0,11.0,4.0,7.0,1.0,2.0,0.0,1.0
E0,2009-10-17,Aston Villa,Chelsea,2.0,1.0,H,1.0,1.0,D,K Friend,7.0,21.0,5.0,13.0,19.0,13.0,6.0,9.0,2.0,1.0,0.0,0.0
E0,2009-10-31,Bolton,Chelsea,0.0,4.0,A,0.0,1.0,A,P Walton,15.0,27.0,6.0,17.0,9.0,7.0,8.0,10.0,1.0,1.0,1.0,0.0
E0,2009-11-29,Arsenal,Chelsea,0.0,3.0,A,0.0,2.0,A,A Marriner,5.0,7.0,3.0,5.0,17.0,12.0,4.0,3.0,2.0,2.0,0.0,0.0
E0,2009-12-05,Man City,Chelsea,2.0,1.0,H,1.0,1.0,D,H Webb,13.0,10.0,8.0,6.0,12.0,17.0,9.0,6.0,1.0,6.0,0.0,0.0
E0,2009-12-20,West Ham,Chelsea,1.0,1.0,D,1.0,0.0,H,M Dean,6.0,20.0,5.0,6.0,17.0,16.0,5.0,5.0,4.0,3.0,0.0,0.0
E0,2009-12-26,Birmingham,Chelsea,0.0,0.0,D,0.0,0.0,D,P Walton,11.0,27.0,4.0,12.0,6.0,17.0,7.0,11.0,1.0,2.0,0.0,1.0
E0,2010-01-30,Burnley,Chelsea,1.0,2.0,A,0.0,1.0,A,P Dowd,5.0,16.0,3.0,9.0,12.0,12.0,2.0,9.0,1.0,1.0,0.0,0.0
E0,2010-02-02,Hull,Chelsea,1.0,1.0,D,1.0,1.0,D,M Clattenburg,7.0,21.0,3.0,11.0,9.0,12.0,6.0,8.0,1.0,3.0,0.0,0.0
E0,2010-02-10,Everton,Chelsea,2.0,1.0,H,1.0,1.0,D,A Wiley,7.0,14.0,5.0,5.0,13.0,15.0,5.0,6.0,1.0,2.0,0.0,0.0
E0,2010-02-20,Wolves,Chelsea,0.0,2.0,A,0.0,1.0,A,K Friend,11.0,7.0,7.0,2.0,12.0,14.0,1.0,5.0,0.0,1.0,0.0,0.0
E0,2010-03-21,Blackburn,Chelsea,1.0,1.0,D,0.0,1.0,A,S Bennett,8.0,14.0,4.0,8.0,10.0,9.0,3.0,11.0,0.0,1.0,0.0,0.0
E0,2010-03-24,Portsmouth,Chelsea,0.0,5.0,A,0.0,1.0,A,L Mason,10.0,20.0,6.0,11.0,11.0,11.0,1.0,6.0,3.0,2.0,0.0,0.0
E0,2010-04-03,Man United,Chelsea,1.0,2.0,A,0.0,1.0,A,M Dean,9.0,11.0,3.0,5.0,14.0,11.0,3.0,3.0,3.0,1.0,0.0,0.0
E0,2010-04-17,Tottenham,Chelsea,2.0,1.0,H,2.0,0.0,H,P Dowd,20.0,9.0,10.0,6.0,7.0,14.0,13.0,4.0,2.0,4.0,0.0,1.0
E0,2010-05-02,Liverpool,Chelsea,0.0,2.0,A,0.0,1.0,A,A Wiley,7.0,15.0,2.0,11.0,7.0,7.0,9.0,5.0,1.0,2.0,0.0,0.0
E0,14/08/10,Chelsea,West Brom,6.0,0.0,H,2.0,0.0,H,M Clattenburg,18.0,10.0,13.0,4.0,10.0,10.0,3.0,1.0,1.0,0.0,0.0,0.0
E0,28/08/10,Chelsea,Stoke,2.0,0.0,H,1.0,0.0,H,M Atkinson,15.0,9.0,6.0,3.0,5.0,10.0,6.0,1.0,0.0,2.0,0.0,0.0
E0,19/09/10,Chelsea,Blackpool,4.0,0.0,H,4.0,0.0,H,M Clattenburg,27.0,11.0,15.0,4.0,7.0,4.0,9.0,6.0,1.0,2.0,0.0,0.0
E0,03/10/10,Chelsea,Arsenal,2.0,0.0,H,1.0,0.0,H,M Dean,11.0,13.0,6.0,5.0,7.0,12.0,10.0,10.0,1.0,1.0,0.0,0.0
E0,23/10/10,Chelsea,Wolves,2.0,0.0,H,1.0,0.0,H,L Probert,17.0,12.0,10.0,9.0,8.0,8.0,8.0,8.0,1.0,2.0,0.0,0.0
E0,10/11/10,Chelsea,Fulham,1.0,0.0,H,1.0,0.0,H,M Atkinson,19.0,5.0,10.0,3.0,14.0,15.0,4.0,4.0,2.0,0.0,1.0,0.0
E0,14/11/10,Chelsea,Sunderland,0.0,3.0,A,0.0,1.0,A,C Foy,14.0,19.0,7.0,9.0,9.0,13.0,6.0,3.0,1.0,2.0,0.0,0.0
E0,04/12/10,Chelsea,Everton,1.0,1.0,D,1.0,0.0,H,L Probert,12.0,16.0,5.0,7.0,7.0,11.0,7.0,2.0,1.0,4.0,0.0,0.0
E0,29/12/10,Chelsea,Bolton,1.0,0.0,H,0.0,0.0,D,M Jones,12.0,6.0,7.0,2.0,12.0,24.0,6.0,3.0,1.0,1.0,0.0,0.0
E0,02/01/11,Chelsea,Aston Villa,3.0,3.0,D,1.0,1.0,D,L Mason,15.0,16.0,10.0,10.0,17.0,11.0,9.0,6.0,2.0,7.0,0.0,0.0
E0,15/01/11,Chelsea,Blackburn,2.0,0.0,H,0.0,0.0,D,M Atkinson,27.0,3.0,11.0,2.0,10.0,6.0,14.0,1.0,1.0,0.0,0.0,0.0
E0,06/02/11,Chelsea,Liverpool,0.0,1.0,A,0.0,0.0,D,A Marriner,14.0,7.0,4.0,4.0,9.0,9.0,4.0,3.0,1.0,1.0,0.0,0.0
E0,01/03/11,Chelsea,Man United,2.0,1.0,H,0.0,1.0,A,M Atkinson,17.0,12.0,11.0,7.0,11.0,14.0,10.0,2.0,3.0,2.0,0.0,1.0
E0,20/03/11,Chelsea,Man City,2.0,0.0,H,0.0,0.0,D,C Foy,16.0,5.0,11.0,2.0,16.0,13.0,5.0,1.0,2.0,5.0,0.0,0.0
E0,09/04/11,Chelsea,Wigan,1.0,0.0,H,0.0,0.0,D,H Webb,21.0,11.0,13.0,7.0,11.0,12.0,10.0,5.0,1.0,2.0,0.0,0.0
E0,20/04/11,Chelsea,Birmingham,3.0,1.0,H,2.0,0.0,H,M Jones,17.0,6.0,7.0,3.0,9.0,11.0,7.0,4.0,0.0,1.0,0.0,0.0
E0,23/04/11,Chelsea,West Ham,3.0,0.0,H,1.0,0.0,H,P Dowd,16.0,12.0,11.0,7.0,7.0,13.0,5.0,7.0,1.0,2.0,0.0,0.0
E0,30/04/11,Chelsea,Tottenham,2.0,1.0,H,1.0,1.0,D,A Marriner,16.0,12.0,10.0,7.0,11.0,11.0,6.0,5.0,3.0,1.0,0.0,0.0
E0,15/05/11,Chelsea,Newcastle,2.0,2.0,D,1.0,1.0,D,L Mason,15.0,13.0,7.0,9.0,17.0,13.0,7.0,4.0,4.0,2.0,0.0,0.0
E0,21/08/10,Wigan,Chelsea,0.0,6.0,A,0.0,1.0,A,M Dean,17.0,10.0,12.0,8.0,12.0,7.0,0.0,0.0,1.0,2.0,0.0,0.0
E0,11/09/10,West Ham,Chelsea,1.0,3.0,A,0.0,2.0,A,C Foy,13.0,17.0,7.0,9.0,13.0,10.0,1.0,5.0,2.0,2.0,0.0,0.0
E0,25/09/10,Man City,Chelsea,1.0,0.0,H,0.0,0.0,D,A Marriner,8.0,15.0,6.0,4.0,10.0,12.0,3.0,4.0,2.0,3.0,0.0,0.0
E0,16/10/10,Aston Villa,Chelsea,0.0,0.0,D,0.0,0.0,D,L Mason,11.0,13.0,5.0,6.0,11.0,11.0,9.0,5.0,4.0,3.0,0.0,0.0
E0,30/10/10,Blackburn,Chelsea,1.0,2.0,A,1.0,1.0,D,P Walton,13.0,16.0,6.0,9.0,12.0,14.0,4.0,5.0,2.0,2.0,0.0,0.0
E0,07/11/10,Liverpool,Chelsea,2.0,0.0,H,2.0,0.0,H,H Webb,9.0,11.0,7.0,7.0,15.0,17.0,2.0,5.0,0.0,2.0,0.0,0.0
E0,20/11/10,Birmingham,Chelsea,1.0,0.0,H,1.0,0.0,H,M Halsey,1.0,24.0,1.0,9.0,9.0,2.0,4.0,14.0,2.0,0.0,0.0,0.0
E0,28/11/10,Newcastle,Chelsea,1.0,1.0,D,1.0,1.0,D,A Marriner,5.0,17.0,3.0,13.0,9.0,11.0,6.0,7.0,2.0,1.0,0.0,0.0
E0,12/12/10,Tottenham,Chelsea,1.0,1.0,D,1.0,0.0,H,M Dean,10.0,13.0,3.0,7.0,9.0,13.0,1.0,7.0,2.0,2.0,0.0,0.0
E0,27/12/10,Arsenal,Chelsea,3.0,1.0,H,1.0,0.0,H,M Clattenburg,10.0,10.0,8.0,4.0,12.0,16.0,4.0,6.0,2.0,3.0,0.0,0.0
E0,05/01/11,Wolves,Chelsea,1.0,0.0,H,1.0,0.0,H,M Halsey,3.0,17.0,2.0,8.0,15.0,12.0,4.0,9.0,0.0,1.0,0.0,0.0
E0,24/01/11,Bolton,Chelsea,0.0,4.0,A,0.0,2.0,A,C Foy,11.0,14.0,8.0,11.0,7.0,4.0,4.0,3.0,0.0,0.0,0.0,0.0
E0,01/02/11,Sunderland,Chelsea,2.0,4.0,A,2.0,2.0,D,M Halsey,4.0,21.0,3.0,14.0,10.0,10.0,0.0,6.0,1.0,2.0,0.0,0.0
E0,14/02/11,Fulham,Chelsea,0.0,0.0,D,0.0,0.0,D,M Dean,12.0,23.0,8.0,9.0,10.0,13.0,4.0,6.0,2.0,1.0,0.0,0.0
E0,07/03/11,Blackpool,Chelsea,1.0,3.0,A,0.0,1.0,A,M Dean,14.0,18.0,5.0,11.0,5.0,8.0,3.0,13.0,0.0,0.0,0.0,0.0
E0,02/04/11,Stoke,Chelsea,1.0,1.0,D,1.0,1.0,D,P Walton,13.0,20.0,6.0,10.0,9.0,10.0,5.0,12.0,1.0,2.0,0.0,0.0
E0,16/04/11,West Brom,Chelsea,1.0,3.0,A,1.0,3.0,A,L Probert,12.0,19.0,6.0,11.0,7.0,10.0,3.0,5.0,1.0,0.0,0.0,0.0
E0,08/05/11,Man United,Chelsea,2.0,1.0,H,2.0,0.0,H,H Webb,13.0,19.0,8.0,11.0,12.0,14.0,7.0,2.0,2.0,4.0,0.0,0.0
E0,22/05/11,Everton,Chelsea,1.0,0.0,H,0.0,0.0,D,P Walton,11.0,19.0,3.0,9.0,12.0,14.0,6.0,5.0,3.0,2.0,1.0,0.0
E0,20/08/11,Chelsea,West Brom,2.0,1.0,H,0.0,1.0,A,L Mason,22.0,6.0,12.0,4.0,12.0,8.0,7.0,4.0,2.0,4.0,0.0,0.0
E0,27/08/11,Chelsea,Norwich,3.0,1.0,H,1.0,0.0,H,M Jones,16.0,9.0,8.0,6.0,17.0,14.0,8.0,6.0,2.0,2.0,0.0,1.0
E0,24/09/11,Chelsea,Swansea,4.0,1.0,H,2.0,0.0,H,M Dean,15.0,5.0,7.0,4.0,15.0,11.0,1.0,6.0,3.0,3.0,1.0,0.0
E0,15/10/11,Chelsea,Everton,3.0,1.0,H,2.0,0.0,H,M Jones,7.0,9.0,5.0,5.0,13.0,11.0,2.0,2.0,2.0,2.0,0.0,0.0
E0,29/10/11,Chelsea,Arsenal,3.0,5.0,A,2.0,1.0,H,A Marriner,12.0,13.0,10.0,8.0,7.0,18.0,3.0,2.0,2.0,3.0,0.0,0.0
E0,20/11/11,Chelsea,Liverpool,1.0,2.0,A,0.0,1.0,A,L Probert,18.0,9.0,5.0,3.0,13.0,11.0,6.0,5.0,3.0,2.0,0.0,0.0
E0,26/11/11,Chelsea,Wolves,3.0,0.0,H,3.0,0.0,H,L Mason,17.0,7.0,11.0,2.0,10.0,10.0,9.0,2.0,1.0,2.0,0.0,0.0
E0,12/12/11,Chelsea,Man City,2.0,1.0,H,1.0,1.0,D,M Clattenburg,13.0,7.0,7.0,4.0,11.0,18.0,5.0,1.0,4.0,2.0,0.0,1.0
E0,26/12/11,Chelsea,Fulham,1.0,1.0,D,0.0,0.0,D,K Friend,24.0,9.0,15.0,6.0,10.0,12.0,9.0,3.0,1.0,1.0,0.0,0.0
E0,31/12/11,Chelsea,Aston Villa,1.0,3.0,A,1.0,1.0,D,M Halsey,16.0,12.0,5.0,9.0,7.0,13.0,9.0,2.0,1.0,1.0,0.0,0.0
E0,14/01/12,Chelsea,Sunderland,1.0,0.0,H,1.0,0.0,H,P Dowd,21.0,9.0,10.0,4.0,9.0,9.0,8.0,2.0,3.0,1.0,0.0,0.0
E0,05/02/12,Chelsea,Man United,3.0,3.0,D,1.0,0.0,H,H Webb,19.0,14.0,10.0,10.0,14.0,13.0,6.0,6.0,2.0,1.0,0.0,0.0
E0,25/02/12,Chelsea,Bolton,3.0,0.0,H,0.0,0.0,D,M Oliver,25.0,8.0,16.0,1.0,7.0,13.0,14.0,7.0,0.0,1.0,0.0,0.0
E0,10/03/12,Chelsea,Stoke,1.0,0.0,H,0.0,0.0,D,A Marriner,21.0,8.0,11.0,3.0,12.0,15.0,14.0,1.0,1.0,2.0,0.0,1.0
E0,24/03/12,Chelsea,Tottenham,0.0,0.0,D,0.0,0.0,D,M Atkinson,10.0,19.0,5.0,7.0,9.0,11.0,6.0,5.0,1.0,2.0,0.0,0.0
E0,07/04/12,Chelsea,Wigan,2.0,1.0,H,0.0,0.0,D,M Jones,19.0,13.0,10.0,7.0,14.0,11.0,5.0,3.0,2.0,2.0,0.0,0.0
E0,29/04/12,Chelsea,QPR,6.0,1.0,H,4.0,0.0,H,H Webb,25.0,11.0,18.0,7.0,9.0,8.0,8.0,5.0,0.0,1.0,0.0,0.0
E0,02/05/12,Chelsea,Newcastle,0.0,2.0,A,0.0,1.0,A,M Halsey,17.0,12.0,6.0,6.0,9.0,5.0,4.0,4.0,0.0,3.0,0.0,0.0
E0,13/05/12,Chelsea,Blackburn,2.0,1.0,H,2.0,0.0,H,L Mason,18.0,8.0,6.0,5.0,13.0,4.0,8.0,2.0,1.0,0.0,0.0,0.0
E0,14/08/11,Stoke,Chelsea,0.0,0.0,D,0.0,0.0,D,M Halsey,6.0,20.0,3.0,11.0,12.0,12.0,4.0,6.0,2.0,2.0,0.0,0.0
E0,10/09/11,Sunderland,Chelsea,1.0,2.0,A,0.0,1.0,A,L Probert,14.0,16.0,7.0,8.0,7.0,3.0,4.0,7.0,1.0,1.0,0.0,0.0
E0,18/09/11,Man United,Chelsea,3.0,1.0,H,3.0,0.0,H,P Dowd,12.0,20.0,7.0,9.0,11.0,12.0,4.0,10.0,2.0,3.0,0.0,0.0
E0,02/10/11,Bolton,Chelsea,1.0,5.0,A,0.0,4.0,A,P Walton,14.0,21.0,10.0,14.0,10.0,11.0,4.0,5.0,1.0,2.0,0.0,0.0
E0,23/10/11,QPR,Chelsea,1.0,0.0,H,1.0,0.0,H,C Foy,8.0,14.0,3.0,7.0,17.0,17.0,0.0,6.0,2.0,7.0,0.0,2.0
E0,05/11/11,Blackburn,Chelsea,0.0,1.0,A,0.0,0.0,D,M Dean,13.0,12.0,8.0,8.0,12.0,10.0,5.0,8.0,4.0,2.0,0.0,0.0
E0,03/12/11,Newcastle,Chelsea,0.0,3.0,A,0.0,1.0,A,M Dean,16.0,21.0,9.0,13.0,7.0,6.0,6.0,5.0,2.0,3.0,0.0,0.0
E0,17/12/11,Wigan,Chelsea,1.0,1.0,D,0.0,0.0,D,M Atkinson,15.0,10.0,7.0,5.0,8.0,6.0,7.0,5.0,0.0,0.0,0.0,0.0
E0,22/12/11,Tottenham,Chelsea,1.0,1.0,D,1.0,1.0,D,H Webb,16.0,20.0,10.0,10.0,14.0,8.0,7.0,4.0,2.0,2.0,0.0,0.0
E0,02/01/12,Wolves,Chelsea,1.0,2.0,A,0.0,0.0,D,P Walton,9.0,15.0,5.0,10.0,9.0,10.0,0.0,5.0,3.0,2.0,0.0,0.0
E0,21/01/12,Norwich,Chelsea,0.0,0.0,D,0.0,0.0,D,M Clattenburg,5.0,19.0,3.0,9.0,5.0,4.0,1.0,11.0,0.0,0.0,0.0,0.0
E0,31/01/12,Swansea,Chelsea,1.0,1.0,D,1.0,0.0,H,A Marriner,7.0,20.0,5.0,10.0,10.0,19.0,1.0,11.0,2.0,3.0,0.0,1.0
E0,11/02/12,Everton,Chelsea,2.0,0.0,H,1.0,0.0,H,M Jones,10.0,8.0,7.0,7.0,13.0,12.0,2.0,4.0,0.0,3.0,0.0,0.0
E0,03/03/12,West Brom,Chelsea,1.0,0.0,H,0.0,0.0,D,P Dowd,19.0,13.0,11.0,6.0,9.0,10.0,14.0,5.0,3.0,1.0,0.0,0.0
E0,21/03/12,Man City,Chelsea,2.0,1.0,H,0.0,0.0,D,M Dean,20.0,6.0,10.0,5.0,8.0,7.0,11.0,4.0,1.0,2.0,0.0,0.0
E0,31/03/12,Aston Villa,Chelsea,2.0,4.0,A,0.0,1.0,A,L Mason,9.0,12.0,5.0,9.0,13.0,5.0,6.0,4.0,1.0,0.0,0.0,0.0
E0,09/04/12,Fulham,Chelsea,1.0,1.0,D,0.0,1.0,A,M Clattenburg,11.0,12.0,9.0,4.0,5.0,16.0,7.0,11.0,1.0,3.0,0.0,0.0
E0,21/04/12,Arsenal,Chelsea,0.0,0.0,D,0.0,0.0,D,M Dean,13.0,13.0,8.0,7.0,11.0,11.0,7.0,7.0,3.0,4.0,0.0,0.0
E0,08/05/12,Liverpool,Chelsea,4.0,1.0,H,3.0,0.0,H,K Friend,23.0,9.0,13.0,5.0,15.0,13.0,7.0,4.0,2.0,4.0,0.0,0.0
E0,22/08/12,Chelsea,Reading,4.0,2.0,H,1.0,2.0,A,L Mason,23.0,7.0,11.0,5.0,11.0,14.0,1.0,5.0,0.0,2.0,0.0,0.0
E0,25/08/12,Chelsea,Newcastle,2.0,0.0,H,2.0,0.0,H,P Dowd,11.0,11.0,6.0,5.0,8.0,10.0,2.0,3.0,1.0,0.0,0.0,0.0
E0,22/09/12,Chelsea,Stoke,1.0,0.0,H,0.0,0.0,D,M Oliver,17.0,13.0,9.0,6.0,12.0,15.0,13.0,3.0,2.0,1.0,0.0,0.0
E0,06/10/12,Chelsea,Norwich,4.0,1.0,H,3.0,1.0,H,A Taylor,20.0,7.0,13.0,4.0,7.0,1.0,10.0,2.0,0.0,0.0,0.0,0.0
E0,28/10/12,Chelsea,Man United,2.0,3.0,A,1.0,2.0,A,M Clattenburg,14.0,15.0,11.0,7.0,13.0,11.0,8.0,6.0,2.0,2.0,2.0,0.0
E0,11/11/12,Chelsea,Liverpool,1.0,1.0,D,1.0,0.0,H,H Webb,12.0,9.0,3.0,5.0,12.0,13.0,4.0,7.0,1.0,3.0,0.0,0.0
E0,25/11/12,Chelsea,Man City,0.0,0.0,D,0.0,0.0,D,C Foy,5.0,11.0,1.0,7.0,9.0,16.0,6.0,11.0,0.0,3.0,0.0,0.0
E0,28/11/12,Chelsea,Fulham,0.0,0.0,D,0.0,0.0,D,A Taylor,17.0,8.0,13.0,7.0,10.0,11.0,10.0,2.0,3.0,0.0,0.0,0.0
E0,23/12/12,Chelsea,Aston Villa,8.0,0.0,H,3.0,0.0,H,P Dowd,24.0,7.0,18.0,4.0,6.0,11.0,8.0,4.0,0.0,0.0,0.0,0.0
E0,02/01/13,Chelsea,QPR,0.0,1.0,A,0.0,0.0,D,L Mason,23.0,8.0,11.0,5.0,12.0,8.0,14.0,2.0,1.0,1.0,0.0,0.0
E0,16/01/13,Chelsea,Southampton,2.0,2.0,D,2.0,0.0,H,M Oliver,19.0,7.0,10.0,3.0,10.0,11.0,4.0,3.0,1.0,0.0,0.0,0.0
E0,20/01/13,Chelsea,Arsenal,2.0,1.0,H,2.0,0.0,H,M Atkinson,13.0,12.0,8.0,8.0,10.0,11.0,3.0,9.0,2.0,1.0,0.0,0.0
E0,09/02/13,Chelsea,Wigan,4.0,1.0,H,1.0,0.0,H,M Dean,25.0,13.0,17.0,10.0,9.0,13.0,10.0,6.0,1.0,2.0,0.0,0.0
E0,02/03/13,Chelsea,West Brom,1.0,0.0,H,1.0,0.0,H,K Friend,25.0,8.0,19.0,4.0,12.0,16.0,9.0,7.0,1.0,2.0,0.0,0.0
E0,17/03/13,Chelsea,West Ham,2.0,0.0,H,1.0,0.0,H,M Oliver,24.0,15.0,14.0,9.0,5.0,14.0,5.0,5.0,0.0,2.0,0.0,0.0
E0,07/04/13,Chelsea,Sunderland,2.0,1.0,H,0.0,1.0,A,N Swarbrick,14.0,7.0,7.0,3.0,9.0,15.0,8.0,5.0,0.0,2.0,0.0,0.0
E0,28/04/13,Chelsea,Swansea,2.0,0.0,H,2.0,0.0,H,M Clattenburg,21.0,11.0,14.0,8.0,9.0,10.0,6.0,3.0,1.0,3.0,0.0,0.0
E0,08/05/13,Chelsea,Tottenham,2.0,2.0,D,2.0,1.0,H,M Dean,15.0,13.0,8.0,6.0,6.0,16.0,6.0,5.0,1.0,2.0,0.0,0.0
E0,19/05/13,Chelsea,Everton,2.0,1.0,H,1.0,1.0,D,A Taylor,20.0,16.0,10.0,9.0,7.0,8.0,7.0,4.0,2.0,2.0,0.0,0.0
E0,19/08/12,Wigan,Chelsea,0.0,2.0,A,0.0,2.0,A,M Jones,12.0,5.0,4.0,3.0,16.0,11.0,7.0,1.0,2.0,2.0,0.0,0.0
E0,15/09/12,QPR,Chelsea,0.0,0.0,D,0.0,0.0,D,A Marriner,10.0,13.0,6.0,9.0,16.0,17.0,2.0,4.0,0.0,2.0,0.0,0.0
E0,29/09/12,Arsenal,Chelsea,1.0,2.0,A,1.0,1.0,D,M Atkinson,14.0,10.0,5.0,5.0,14.0,13.0,6.0,5.0,2.0,3.0,0.0,0.0
E0,20/10/12,Tottenham,Chelsea,2.0,4.0,A,0.0,1.0,A,M Dean,23.0,11.0,16.0,7.0,7.0,8.0,7.0,4.0,3.0,2.0,0.0,0.0
E0,03/11/12,Swansea,Chelsea,1.0,1.0,D,0.0,0.0,D,K Friend,9.0,11.0,7.0,7.0,12.0,9.0,8.0,6.0,4.0,1.0,0.0,0.0
E0,17/11/12,West Brom,Chelsea,2.0,1.0,H,1.0,1.0,D,M Oliver,8.0,19.0,6.0,12.0,7.0,13.0,0.0,12.0,0.0,0.0,0.0,0.0
E0,01/12/12,West Ham,Chelsea,3.0,1.0,H,0.0,1.0,A,M Atkinson,16.0,16.0,13.0,9.0,15.0,6.0,14.0,5.0,1.0,2.0,0.0,0.0
E0,08/12/12,Sunderland,Chelsea,1.0,3.0,A,0.0,2.0,A,M Halsey,14.0,11.0,10.0,5.0,11.0,14.0,11.0,1.0,1.0,3.0,0.0,0.0
E0,26/12/12,Norwich,Chelsea,0.0,1.0,A,0.0,1.0,A,J Moss,8.0,20.0,4.0,11.0,7.0,7.0,5.0,7.0,1.0,1.0,0.0,0.0
E0,30/12/12,Everton,Chelsea,1.0,2.0,A,1.0,1.0,D,H Webb,12.0,15.0,6.0,10.0,14.0,12.0,7.0,7.0,2.0,3.0,0.0,0.0
E0,12/01/13,Stoke,Chelsea,0.0,4.0,A,0.0,1.0,A,A Marriner,11.0,11.0,5.0,9.0,13.0,9.0,6.0,7.0,1.0,0.0,0.0,0.0
E0,30/01/13,Reading,Chelsea,2.0,2.0,D,0.0,1.0,A,M Halsey,5.0,14.0,2.0,5.0,8.0,20.0,0.0,6.0,1.0,2.0,0.0,0.0
E0,02/02/13,Newcastle,Chelsea,3.0,2.0,H,1.0,0.0,H,H Webb,19.0,12.0,13.0,6.0,11.0,5.0,5.0,4.0,2.0,3.0,0.0,0.0
E0,24/02/13,Man City,Chelsea,2.0,0.0,H,0.0,0.0,D,A Marriner,15.0,4.0,11.0,1.0,19.0,5.0,6.0,6.0,3.0,1.0,0.0,0.0
E0,30/03/13,Southampton,Chelsea,2.0,1.0,H,2.0,1.0,H,J Moss,13.0,7.0,8.0,4.0,12.0,6.0,7.0,7.0,2.0,1.0,0.0,0.0
E0,17/04/13,Fulham,Chelsea,0.0,3.0,A,0.0,2.0,A,M Dean,11.0,13.0,7.0,10.0,11.0,11.0,6.0,5.0,2.0,1.0,0.0,0.0
E0,21/04/13,Liverpool,Chelsea,2.0,2.0,D,0.0,1.0,A,K Friend,23.0,9.0,12.0,6.0,8.0,11.0,8.0,5.0,5.0,2.0,0.0,0.0
E0,05/05/13,Man United,Chelsea,0.0,1.0,A,0.0,0.0,D,H Webb,10.0,15.0,4.0,6.0,14.0,9.0,2.0,7.0,2.0,1.0,1.0,0.0
E0,11/05/13,Aston Villa,Chelsea,1.0,2.0,A,1.0,0.0,H,L Mason,12.0,11.0,7.0,8.0,13.0,8.0,6.0,7.0,2.0,3.0,1.0,1.0
E0,18/08/13,Chelsea,Hull,2.0,0.0,H,2.0,0.0,H,J Moss,22.0,7.0,5.0,2.0,7.0,16.0,5.0,1.0,0.0,1.0,0.0,0.0
E0,21/08/13,Chelsea,Aston Villa,2.0,1.0,H,1.0,1.0,D,K Friend,15.0,7.0,3.0,3.0,12.0,13.0,1.0,2.0,1.0,4.0,0.0,0.0
E0,21/09/13,Chelsea,Fulham,2.0,0.0,H,0.0,0.0,D,A Marriner,26.0,4.0,10.0,1.0,11.0,9.0,13.0,3.0,0.0,0.0,0.0,0.0
E0,19/10/13,Chelsea,Cardiff,4.0,1.0,H,1.0,1.0,D,A Taylor,20.0,13.0,7.0,3.0,12.0,5.0,6.0,9.0,1.0,2.0,0.0,0.0
E0,27/10/13,Chelsea,Man City,2.0,1.0,H,1.0,0.0,H,H Webb,12.0,15.0,4.0,6.0,11.0,15.0,3.0,6.0,2.0,3.0,0.0,0.0
E0,09/11/13,Chelsea,West Brom,2.0,2.0,D,1.0,0.0,H,L Probert,17.0,11.0,7.0,3.0,11.0,15.0,9.0,4.0,3.0,7.0,0.0,0.0
E0,01/12/13,Chelsea,Southampton,3.0,1.0,H,0.0,1.0,A,M Oliver,16.0,9.0,7.0,1.0,15.0,14.0,8.0,4.0,1.0,4.0,0.0,0.0
E0,14/12/13,Chelsea,Crystal Palace,2.0,1.0,H,2.0,1.0,H,M Clattenburg,16.0,10.0,7.0,5.0,13.0,7.0,3.0,1.0,2.0,1.0,0.0,0.0
E0,26/12/13,Chelsea,Swansea,1.0,0.0,H,1.0,0.0,H,M Jones,19.0,8.0,7.0,1.0,14.0,9.0,13.0,7.0,1.0,0.0,0.0,0.0
E0,29/12/13,Chelsea,Liverpool,2.0,1.0,H,2.0,1.0,H,H Webb,11.0,8.0,5.0,4.0,17.0,17.0,4.0,2.0,4.0,1.0,0.0,0.0
E0,19/01/14,Chelsea,Man United,3.0,1.0,H,2.0,0.0,H,P Dowd,13.0,10.0,6.0,4.0,15.0,21.0,5.0,4.0,1.0,3.0,0.0,1.0
E0,29/01/14,Chelsea,West Ham,0.0,0.0,D,0.0,0.0,D,N Swarbrick,39.0,1.0,9.0,1.0,12.0,11.0,13.0,3.0,1.0,3.0,0.0,0.0
E0,08/02/14,Chelsea,Newcastle,3.0,0.0,H,2.0,0.0,H,H Webb,18.0,12.0,8.0,6.0,7.0,10.0,6.0,5.0,0.0,3.0,0.0,0.0
E0,22/02/14,Chelsea,Everton,1.0,0.0,H,0.0,0.0,D,L Probert,25.0,8.0,8.0,2.0,15.0,12.0,8.0,8.0,1.0,2.0,0.0,0.0
E0,08/03/14,Chelsea,Tottenham,4.0,0.0,H,0.0,0.0,D,M Oliver,12.0,6.0,4.0,2.0,11.0,18.0,5.0,4.0,2.0,3.0,0.0,1.0
E0,22/03/14,Chelsea,Arsenal,6.0,0.0,H,4.0,0.0,H,A Marriner,21.0,12.0,11.0,5.0,14.0,8.0,7.0,1.0,0.0,1.0,0.0,1.0
E0,05/04/14,Chelsea,Stoke,3.0,0.0,H,1.0,0.0,H,L Probert,18.0,4.0,8.0,2.0,8.0,18.0,7.0,3.0,0.0,0.0,0.0,0.0
E0,19/04/14,Chelsea,Sunderland,1.0,2.0,A,1.0,1.0,D,M Dean,31.0,7.0,15.0,3.0,11.0,14.0,10.0,4.0,1.0,2.0,0.0,0.0
E0,04/05/14,Chelsea,Norwich,0.0,0.0,D,0.0,0.0,D,N Swarbrick,23.0,6.0,4.0,3.0,9.0,17.0,5.0,2.0,1.0,3.0,0.0,0.0
E0,26/08/13,Man United,Chelsea,0.0,0.0,D,0.0,0.0,D,M Atkinson,13.0,8.0,3.0,4.0,9.0,9.0,4.0,1.0,0.0,2.0,0.0,0.0
E0,14/09/13,Everton,Chelsea,1.0,0.0,H,1.0,0.0,H,H Webb,11.0,22.0,5.0,5.0,10.0,12.0,5.0,7.0,0.0,4.0,0.0,0.0
E0,28/09/13,Tottenham,Chelsea,1.0,1.0,D,1.0,0.0,H,M Dean,12.0,11.0,4.0,5.0,14.0,14.0,4.0,5.0,5.0,1.0,0.0,1.0
E0,06/10/13,Norwich,Chelsea,1.0,3.0,A,0.0,1.0,A,N Swarbrick,14.0,22.0,3.0,8.0,12.0,9.0,4.0,6.0,1.0,1.0,0.0,0.0
E0,02/11/13,Newcastle,Chelsea,2.0,0.0,H,0.0,0.0,D,L Mason,15.0,13.0,8.0,2.0,13.0,11.0,3.0,8.0,2.0,2.0,0.0,0.0
E0,23/11/13,West Ham,Chelsea,0.0,3.0,A,0.0,2.0,A,C Foy,8.0,20.0,1.0,8.0,12.0,10.0,8.0,4.0,0.0,0.0,0.0,0.0
E0,04/12/13,Sunderland,Chelsea,3.0,4.0,A,1.0,2.0,A,P Dowd,12.0,19.0,3.0,5.0,15.0,14.0,6.0,5.0,4.0,3.0,0.0,0.0
E0,07/12/13,Stoke,Chelsea,3.0,2.0,H,1.0,1.0,D,J Moss,9.0,15.0,3.0,6.0,14.0,8.0,5.0,2.0,4.0,1.0,0.0,0.0
E0,23/12/13,Arsenal,Chelsea,0.0,0.0,D,0.0,0.0,D,M Dean,7.0,13.0,2.0,4.0,7.0,11.0,8.0,6.0,2.0,1.0,0.0,0.0
E0,01/01/14,Southampton,Chelsea,0.0,3.0,A,0.0,0.0,D,M Atkinson,12.0,11.0,2.0,5.0,13.0,10.0,6.0,8.0,4.0,1.0,0.0,0.0
E0,11/01/14,Hull,Chelsea,0.0,2.0,A,0.0,0.0,D,M Clattenburg,10.0,14.0,2.0,5.0,12.0,7.0,1.0,7.0,2.0,1.0,0.0,0.0
E0,03/02/14,Man City,Chelsea,0.0,1.0,A,0.0,1.0,A,M Dean,25.0,18.0,3.0,6.0,11.0,13.0,12.0,6.0,3.0,3.0,0.0,0.0
E0,11/02/14,West Brom,Chelsea,1.0,1.0,D,0.0,1.0,A,A Taylor,12.0,15.0,1.0,4.0,9.0,13.0,5.0,8.0,3.0,4.0,0.0,0.0
E0,01/03/14,Fulham,Chelsea,1.0,3.0,A,0.0,0.0,D,M Clattenburg,7.0,17.0,3.0,8.0,14.0,13.0,5.0,4.0,2.0,1.0,0.0,0.0
E0,15/03/14,Aston Villa,Chelsea,1.0,0.0,H,0.0,0.0,D,C Foy,13.0,15.0,4.0,2.0,14.0,8.0,4.0,5.0,4.0,0.0,0.0,2.0
E0,29/03/14,Crystal Palace,Chelsea,1.0,0.0,H,0.0,0.0,D,L Mason,14.0,21.0,4.0,2.0,10.0,4.0,2.0,13.0,4.0,1.0,0.0,0.0
E0,13/04/14,Swansea,Chelsea,0.0,1.0,A,0.0,0.0,D,P Dowd,7.0,26.0,4.0,3.0,8.0,13.0,5.0,12.0,0.0,2.0,1.0,0.0
E0,27/04/14,Liverpool,Chelsea,0.0,2.0,A,0.0,1.0,A,M Atkinson,26.0,11.0,8.0,4.0,9.0,7.0,14.0,3.0,0.0,4.0,0.0,0.0
E0,11/05/14,Cardiff,Chelsea,1.0,2.0,A,1.0,0.0,H,M Oliver,10.0,28.0,4.0,7.0,7.0,9.0,3.0,8.0,1.0,2.0,0.0,0.0
E0,23/08/14,Chelsea,Leicester,2.0,0.0,H,0.0,0.0,D,L Mason,27.0,6.0,10.0,4.0,11.0,11.0,8.0,7.0,0.0,1.0,0.0,0.0
E0,13/09/14,Chelsea,Swansea,4.0,2.0,H,1.0,1.0,D,K Friend,29.0,11.0,9.0,2.0,12.0,11.0,7.0,4.0,0.0,3.0,0.0,0.0
E0,27/09/14,Chelsea,Aston Villa,3.0,0.0,H,1.0,0.0,H,P Dowd,17.0,7.0,8.0,1.0,11.0,9.0,9.0,2.0,2.0,2.0,0.0,0.0
E0,05/10/14,Chelsea,Arsenal,2.0,0.0,H,1.0,0.0,H,M Atkinson,5.0,10.0,3.0,0.0,14.0,10.0,2.0,2.0,4.0,3.0,0.0,0.0
E0,01/11/14,Chelsea,QPR,2.0,1.0,H,1.0,0.0,H,M Jones,18.0,7.0,8.0,1.0,8.0,12.0,13.0,2.0,0.0,0.0,0.0,0.0
E0,22/11/14,Chelsea,West Brom,2.0,0.0,H,2.0,0.0,H,L Mason,21.0,5.0,8.0,1.0,7.0,9.0,15.0,0.0,1.0,0.0,0.0,1.0
E0,03/12/14,Chelsea,Tottenham,3.0,0.0,H,2.0,0.0,H,M Dean,12.0,10.0,8.0,2.0,9.0,9.0,1.0,6.0,1.0,1.0,0.0,0.0
E0,13/12/14,Chelsea,Hull,2.0,0.0,H,1.0,0.0,H,C Foy,12.0,8.0,3.0,0.0,13.0,13.0,5.0,4.0,3.0,3.0,0.0,1.0
E0,26/12/14,Chelsea,West Ham,2.0,0.0,H,1.0,0.0,H,M Oliver,28.0,6.0,9.0,0.0,8.0,14.0,8.0,6.0,0.0,3.0,0.0,0.0
E0,10/01/15,Chelsea,Newcastle,2.0,0.0,H,1.0,0.0,H,R East,9.0,11.0,5.0,5.0,13.0,13.0,7.0,4.0,2.0,3.0,0.0,0.0
E0,31/01/15,Chelsea,Man City,1.0,1.0,D,1.0,1.0,D,M Clattenburg,3.0,10.0,2.0,5.0,12.0,14.0,1.0,4.0,0.0,2.0,0.0,0.0
E0,11/02/15,Chelsea,Everton,1.0,0.0,H,0.0,0.0,D,J Moss,21.0,7.0,7.0,4.0,8.0,13.0,10.0,2.0,3.0,3.0,0.0,1.0
E0,21/02/15,Chelsea,Burnley,1.0,1.0,D,1.0,0.0,H,M Atkinson,14.0,10.0,5.0,5.0,9.0,9.0,7.0,7.0,1.0,2.0,1.0,0.0
E0,15/03/15,Chelsea,Southampton,1.0,1.0,D,1.0,1.0,D,M Dean,22.0,12.0,7.0,5.0,10.0,11.0,9.0,2.0,3.0,3.0,0.0,0.0
E0,04/04/15,Chelsea,Stoke,2.0,1.0,H,1.0,1.0,D,J Moss,19.0,7.0,10.0,2.0,5.0,22.0,9.0,0.0,1.0,6.0,0.0,0.0
E0,18/04/15,Chelsea,Man United,1.0,0.0,H,1.0,0.0,H,M Dean,7.0,15.0,2.0,2.0,13.0,11.0,3.0,7.0,7.0,1.0,0.0,0.0
E0,03/05/15,Chelsea,Crystal Palace,1.0,0.0,H,1.0,0.0,H,K Friend,17.0,8.0,7.0,1.0,12.0,13.0,3.0,6.0,2.0,2.0,0.0,0.0
E0,10/05/15,Chelsea,Liverpool,1.0,1.0,D,1.0,1.0,D,A Marriner,8.0,15.0,3.0,4.0,13.0,11.0,6.0,4.0,4.0,3.0,0.0,0.0
E0,24/05/15,Chelsea,Sunderland,3.0,1.0,H,1.0,1.0,D,L Mason,24.0,17.0,8.0,9.0,12.0,8.0,11.0,3.0,2.0,1.0,0.0,0.0
E0,18/08/14,Burnley,Chelsea,1.0,3.0,A,1.0,3.0,A,M Oliver,9.0,11.0,2.0,3.0,6.0,7.0,4.0,3.0,1.0,1.0,0.0,0.0
E0,30/08/14,Everton,Chelsea,3.0,6.0,A,1.0,2.0,A,J Moss,17.0,12.0,7.0,8.0,7.0,16.0,8.0,2.0,1.0,3.0,0.0,0.0
E0,21/09/14,Man City,Chelsea,1.0,1.0,D,0.0,0.0,D,M Dean,16.0,6.0,4.0,2.0,16.0,12.0,14.0,2.0,3.0,4.0,1.0,0.0
E0,18/10/14,Crystal Palace,Chelsea,1.0,2.0,A,0.0,1.0,A,C Pawson,7.0,14.0,4.0,5.0,13.0,7.0,3.0,2.0,1.0,1.0,1.0,1.0
E0,26/10/14,Man United,Chelsea,1.0,1.0,D,0.0,0.0,D,P Dowd,19.0,9.0,7.0,4.0,13.0,14.0,4.0,7.0,3.0,5.0,0.0,1.0
E0,08/11/14,Liverpool,Chelsea,1.0,2.0,A,1.0,1.0,D,A Taylor,12.0,15.0,4.0,5.0,9.0,12.0,5.0,7.0,2.0,5.0,0.0,0.0
E0,29/11/14,Sunderland,Chelsea,0.0,0.0,D,0.0,0.0,D,K Friend,12.0,24.0,3.0,6.0,13.0,10.0,2.0,8.0,3.0,2.0,0.0,0.0
E0,06/12/14,Newcastle,Chelsea,2.0,1.0,H,0.0,0.0,D,M Atkinson,9.0,26.0,3.0,8.0,8.0,6.0,1.0,10.0,2.0,3.0,1.0,0.0
E0,22/12/14,Stoke,Chelsea,0.0,2.0,A,0.0,1.0,A,N Swarbrick,13.0,15.0,2.0,6.0,11.0,4.0,6.0,5.0,3.0,0.0,0.0,0.0
E0,28/12/14,Southampton,Chelsea,1.0,1.0,D,1.0,1.0,D,A Taylor,9.0,7.0,1.0,1.0,23.0,14.0,4.0,6.0,2.0,2.0,1.0,0.0
E0,01/01/15,Tottenham,Chelsea,5.0,3.0,H,3.0,1.0,H,P Dowd,11.0,19.0,8.0,7.0,14.0,10.0,5.0,3.0,3.0,1.0,0.0,0.0
E0,17/01/15,Swansea,Chelsea,0.0,5.0,A,0.0,4.0,A,J Moss,11.0,21.0,0.0,11.0,9.0,13.0,1.0,2.0,0.0,0.0,0.0,0.0
E0,07/02/15,Aston Villa,Chelsea,1.0,2.0,A,0.0,1.0,A,N Swarbrick,8.0,12.0,1.0,5.0,8.0,7.0,7.0,7.0,3.0,2.0,0.0,0.0
E0,04/03/15,West Ham,Chelsea,0.0,1.0,A,0.0,1.0,A,A Marriner,18.0,12.0,5.0,3.0,10.0,10.0,5.0,4.0,3.0,4.0,0.0,0.0
E0,22/03/15,Hull,Chelsea,2.0,3.0,A,2.0,2.0,D,M Oliver,19.0,8.0,8.0,3.0,14.0,11.0,6.0,6.0,0.0,2.0,0.0,0.0
E0,12/04/15,QPR,Chelsea,0.0,1.0,A,0.0,0.0,D,A Marriner,15.0,9.0,4.0,1.0,12.0,6.0,5.0,6.0,2.0,1.0,0.0,0.0
E0,26/04/15,Arsenal,Chelsea,0.0,0.0,D,0.0,0.0,D,M Oliver,12.0,7.0,1.0,3.0,17.0,11.0,6.0,2.0,4.0,3.0,0.0,0.0
E0,29/04/15,Leicester,Chelsea,1.0,3.0,A,1.0,0.0,H,M Clattenburg,8.0,11.0,2.0,4.0,10.0,1.0,2.0,6.0,1.0,0.0,0.0,0.0
E0,18/05/15,West Brom,Chelsea,3.0,0.0,H,1.0,0.0,H,M Jones,9.0,12.0,5.0,3.0,12.0,11.0,3.0,4.0,3.0,2.0,0.0,1.0
E0,08/08/15,Chelsea,Swansea,2.0,2.0,D,2.0,1.0,H,M Oliver,11.0,18.0,3.0,10.0,15.0,16.0,4.0,8.0,1.0,3.0,1.0,0.0
E0,29/08/15,Chelsea,Crystal Palace,1.0,2.0,A,0.0,0.0,D,C Pawson,26.0,13.0,9.0,6.0,9.0,15.0,7.0,7.0,1.0,1.0,0.0,0.0
E0,19/09/15,Chelsea,Arsenal,2.0,0.0,H,0.0,0.0,D,M Dean,22.0,9.0,7.0,2.0,12.0,11.0,5.0,5.0,3.0,1.0,0.0,2.0
E0,03/10/15,Chelsea,Southampton,1.0,3.0,A,1.0,1.0,D,R Madley,10.0,13.0,3.0,5.0,14.0,14.0,4.0,6.0,2.0,5.0,0.0,0.0
E0,17/10/15,Chelsea,Aston Villa,2.0,0.0,H,1.0,0.0,H,R East,9.0,8.0,3.0,1.0,22.0,17.0,4.0,4.0,1.0,3.0,0.0,0.0
E0,31/10/15,Chelsea,Liverpool,1.0,3.0,A,1.0,1.0,D,M Clattenburg,8.0,16.0,2.0,7.0,9.0,21.0,1.0,7.0,1.0,4.0,0.0,0.0
E0,21/11/15,Chelsea,Norwich,1.0,0.0,H,0.0,0.0,D,C Pawson,21.0,4.0,7.0,2.0,4.0,12.0,6.0,5.0,1.0,4.0,0.0,0.0
E0,05/12/15,Chelsea,Bournemouth,0.0,1.0,A,0.0,0.0,D,M Jones,19.0,15.0,6.0,5.0,10.0,13.0,11.0,4.0,2.0,1.0,0.0,0.0
E0,19/12/15,Chelsea,Sunderland,3.0,1.0,H,2.0,0.0,H,R East,17.0,11.0,7.0,3.0,12.0,12.0,2.0,2.0,1.0,3.0,0.0,0.0
E0,26/12/15,Chelsea,Watford,2.0,2.0,D,1.0,1.0,D,A Marriner,17.0,12.0,2.0,3.0,7.0,15.0,9.0,4.0,1.0,4.0,0.0,0.0
E0,13/01/16,Chelsea,West Brom,2.0,2.0,D,1.0,1.0,D,A Taylor,14.0,13.0,2.0,6.0,13.0,8.0,7.0,7.0,3.0,3.0,0.0,0.0
E0,16/01/16,Chelsea,Everton,3.0,3.0,D,0.0,0.0,D,M Jones,14.0,9.0,7.0,4.0,12.0,5.0,6.0,4.0,1.0,1.0,0.0,0.0
E0,07/02/16,Chelsea,Man United,1.0,1.0,D,0.0,0.0,D,M Oliver,16.0,17.0,5.0,7.0,6.0,9.0,10.0,11.0,0.0,3.0,0.0,0.0
E0,13/02/16,Chelsea,Newcastle,5.0,1.0,H,3.0,0.0,H,R Madley,15.0,10.0,5.0,4.0,16.0,14.0,8.0,3.0,0.0,1.0,1.0,0.0
E0,05/03/16,Chelsea,Stoke,1.0,1.0,D,1.0,0.0,H,M Clattenburg,20.0,16.0,7.0,5.0,9.0,10.0,8.0,4.0,1.0,2.0,0.0,0.0
E0,19/03/16,Chelsea,West Ham,2.0,2.0,D,1.0,1.0,D,R Madley,22.0,13.0,5.0,6.0,13.0,14.0,10.0,9.0,3.0,5.0,0.0,0.0
E0,16/04/16,Chelsea,Man City,0.0,3.0,A,0.0,1.0,A,M Dean,11.0,11.0,4.0,8.0,12.0,15.0,11.0,3.0,2.0,3.0,1.0,0.0
E0,02/05/16,Chelsea,Tottenham,2.0,2.0,D,0.0,2.0,A,M Clattenburg,13.0,16.0,5.0,5.0,9.0,20.0,7.0,8.0,3.0,9.0,0.0,0.0
E0,15/05/16,Chelsea,Leicester,1.0,1.0,D,0.0,0.0,D,C Pawson,17.0,18.0,4.0,5.0,4.0,12.0,7.0,6.0,0.0,0.0,0.0,0.0
E0,16/08/15,Man City,Chelsea,3.0,0.0,H,1.0,0.0,H,M Atkinson,18.0,10.0,8.0,3.0,19.0,13.0,5.0,1.0,4.0,2.0,0.0,0.0
E0,23/08/15,West Brom,Chelsea,2.0,3.0,A,1.0,3.0,A,M Clattenburg,15.0,15.0,6.0,5.0,9.0,12.0,8.0,7.0,2.0,1.0,0.0,1.0
E0,12/09/15,Everton,Chelsea,3.0,1.0,H,2.0,1.0,H,A Marriner,14.0,15.0,9.0,2.0,12.0,12.0,7.0,14.0,2.0,2.0,0.0,0.0
E0,26/09/15,Newcastle,Chelsea,2.0,2.0,D,1.0,0.0,H,M Atkinson,11.0,16.0,5.0,4.0,12.0,15.0,4.0,6.0,1.0,2.0,0.0,0.0
E0,24/10/15,West Ham,Chelsea,2.0,1.0,H,1.0,0.0,H,J Moss,12.0,8.0,5.0,4.0,10.0,12.0,7.0,4.0,1.0,5.0,0.0,1.0
E0,07/11/15,Stoke,Chelsea,1.0,0.0,H,0.0,0.0,D,A Taylor,8.0,19.0,2.0,4.0,13.0,10.0,1.0,9.0,3.0,1.0,0.0,0.0
E0,29/11/15,Tottenham,Chelsea,0.0,0.0,D,0.0,0.0,D,M Oliver,9.0,5.0,4.0,1.0,14.0,9.0,4.0,4.0,4.0,2.0,0.0,0.0
E0,14/12/15,Leicester,Chelsea,2.0,1.0,H,1.0,0.0,H,M Clattenburg,9.0,11.0,5.0,5.0,16.0,8.0,1.0,8.0,2.0,0.0,0.0,0.0
E0,28/12/15,Man United,Chelsea,0.0,0.0,D,0.0,0.0,D,M Atkinson,12.0,8.0,2.0,3.0,16.0,6.0,5.0,3.0,4.0,2.0,0.0,0.0
E0,03/01/16,Crystal Palace,Chelsea,0.0,3.0,A,0.0,1.0,A,K Friend,8.0,10.0,4.0,4.0,12.0,15.0,5.0,7.0,3.0,0.0,0.0,0.0
E0,24/01/16,Arsenal,Chelsea,0.0,1.0,A,0.0,1.0,A,M Clattenburg,9.0,12.0,1.0,6.0,14.0,13.0,6.0,7.0,1.0,3.0,1.0,0.0
E0,03/02/16,Watford,Chelsea,0.0,0.0,D,0.0,0.0,D,M Dean,12.0,12.0,3.0,4.0,10.0,13.0,7.0,7.0,2.0,1.0,0.0,0.0
E0,27/02/16,Southampton,Chelsea,1.0,2.0,A,1.0,0.0,H,M Atkinson,7.0,16.0,2.0,4.0,10.0,11.0,7.0,8.0,3.0,1.0,0.0,0.0
E0,01/03/16,Norwich,Chelsea,1.0,2.0,A,0.0,2.0,A,L Mason,13.0,10.0,2.0,2.0,17.0,5.0,4.0,4.0,3.0,2.0,0.0,0.0
E0,02/04/16,Aston Villa,Chelsea,0.0,4.0,A,0.0,2.0,A,N Swarbrick,15.0,11.0,4.0,8.0,12.0,8.0,7.0,2.0,4.0,1.0,1.0,0.0
E0,09/04/16,Swansea,Chelsea,1.0,0.0,H,1.0,0.0,H,A Marriner,12.0,8.0,6.0,2.0,15.0,13.0,1.0,9.0,5.0,4.0,0.0,0.0
E0,23/04/16,Bournemouth,Chelsea,1.0,4.0,A,1.0,2.0,A,R East,13.0,16.0,4.0,4.0,11.0,4.0,10.0,7.0,1.0,0.0,0.0,0.0
E0,07/05/16,Sunderland,Chelsea,3.0,2.0,H,1.0,2.0,A,M Jones,15.0,9.0,4.0,8.0,11.0,9.0,3.0,3.0,4.0,1.0,0.0,1.0
E0,11/05/16,Liverpool,Chelsea,1.0,1.0,D,0.0,1.0,A,M Oliver,28.0,13.0,9.0,7.0,11.0,12.0,7.0,3.0,3.0,1.0,0.0,0.0
E0,15/08/16,Chelsea,West Ham,2.0,1.0,H,0.0,0.0,D,A Taylor,16.0,7.0,6.0,3.0,16.0,16.0,7.0,1.0,5.0,2.0,0.0,0.0
E0,27/08/16,Chelsea,Burnley,3.0,0.0,H,2.0,0.0,H,M Clattenburg,22.0,6.0,10.0,0.0,6.0,9.0,9.0,5.0,2.0,2.0,0.0,0.0
E0,16/09/16,Chelsea,Liverpool,1.0,2.0,A,0.0,2.0,A,M Atkinson,12.0,13.0,4.0,5.0,6.0,13.0,6.0,4.0,1.0,1.0,0.0,0.0
E0,15/10/16,Chelsea,Leicester,3.0,0.0,H,2.0,0.0,H,A Marriner,16.0,5.0,6.0,0.0,6.0,12.0,8.0,5.0,1.0,1.0,0.0,0.0
E0,23/10/16,Chelsea,Man United,4.0,0.0,H,2.0,0.0,H,M Atkinson,14.0,16.0,6.0,5.0,7.0,17.0,5.0,7.0,3.0,2.0,0.0,0.0
E0,05/11/16,Chelsea,Everton,5.0,0.0,H,3.0,0.0,H,R Madley,21.0,1.0,9.0,0.0,5.0,16.0,4.0,2.0,0.0,3.0,0.0,0.0
E0,26/11/16,Chelsea,Tottenham,2.0,1.0,H,1.0,1.0,D,M Oliver,9.0,12.0,5.0,6.0,13.0,16.0,3.0,8.0,2.0,1.0,0.0,0.0
E0,11/12/16,Chelsea,West Brom,1.0,0.0,H,0.0,0.0,D,M Dean,12.0,6.0,2.0,1.0,6.0,10.0,3.0,1.0,2.0,4.0,0.0,0.0
E0,26/12/16,Chelsea,Bournemouth,3.0,0.0,H,1.0,0.0,H,M Jones,14.0,7.0,4.0,3.0,13.0,14.0,5.0,5.0,1.0,1.0,0.0,0.0
E0,31/12/16,Chelsea,Stoke,4.0,2.0,H,1.0,0.0,H,R Madley,18.0,5.0,7.0,2.0,12.0,10.0,8.0,3.0,3.0,2.0,0.0,0.0
E0,22/01/17,Chelsea,Hull,2.0,0.0,H,1.0,0.0,H,N Swarbrick,9.0,9.0,5.0,4.0,12.0,10.0,9.0,7.0,1.0,3.0,0.0,0.0
E0,04/02/17,Chelsea,Arsenal,3.0,1.0,H,1.0,0.0,H,M Atkinson,13.0,9.0,6.0,5.0,14.0,8.0,10.0,13.0,1.0,1.0,0.0,0.0
E0,25/02/17,Chelsea,Swansea,3.0,1.0,H,1.0,1.0,D,N Swarbrick,16.0,3.0,5.0,2.0,11.0,14.0,8.0,1.0,1.0,3.0,0.0,0.0
E0,01/04/17,Chelsea,Crystal Palace,1.0,2.0,A,1.0,2.0,A,C Pawson,24.0,8.0,11.0,3.0,12.0,14.0,9.0,3.0,3.0,2.0,0.0,0.0
E0,05/04/17,Chelsea,Man City,2.0,1.0,H,2.0,1.0,H,M Dean,10.0,17.0,4.0,7.0,10.0,14.0,2.0,9.0,1.0,3.0,0.0,0.0
E0,25/04/17,Chelsea,Southampton,4.0,2.0,H,2.0,1.0,H,L Mason,17.0,12.0,7.0,4.0,13.0,9.0,6.0,7.0,2.0,2.0,0.0,0.0
E0,08/05/17,Chelsea,Middlesbrough,3.0,0.0,H,2.0,0.0,H,C Pawson,21.0,2.0,7.0,1.0,8.0,21.0,8.0,1.0,0.0,2.0,0.0,0.0
E0,15/05/17,Chelsea,Watford,4.0,3.0,H,2.0,1.0,H,L Mason,24.0,9.0,9.0,3.0,7.0,12.0,8.0,3.0,2.0,4.0,0.0,1.0
E0,21/05/17,Chelsea,Sunderland,5.0,1.0,H,1.0,1.0,D,N Swarbrick,28.0,7.0,8.0,3.0,8.0,15.0,11.0,1.0,1.0,1.0,0.0,0.0
E0,20/08/16,Watford,Chelsea,1.0,2.0,A,0.0,0.0,D,J Moss,6.0,13.0,2.0,4.0,20.0,10.0,0.0,5.0,4.0,3.0,0.0,0.0
E0,11/09/16,Swansea,Chelsea,2.0,2.0,D,0.0,1.0,A,A Marriner,6.0,28.0,2.0,7.0,17.0,8.0,1.0,11.0,3.0,4.0,0.0,0.0
E0,24/09/16,Arsenal,Chelsea,3.0,0.0,H,3.0,0.0,H,M Oliver,14.0,9.0,5.0,2.0,9.0,11.0,9.0,1.0,0.0,2.0,0.0,0.0
E0,01/10/16,Hull,Chelsea,0.0,2.0,A,0.0,0.0,D,A Taylor,8.0,22.0,3.0,9.0,13.0,15.0,5.0,7.0,2.0,2.0,0.0,0.0
E0,30/10/16,Southampton,Chelsea,0.0,2.0,A,0.0,1.0,A,M Jones,9.0,13.0,1.0,7.0,13.0,16.0,7.0,3.0,0.0,0.0,0.0,0.0
E0,20/11/16,Middlesbrough,Chelsea,0.0,1.0,A,0.0,1.0,A,J Moss,12.0,13.0,1.0,3.0,13.0,10.0,2.0,3.0,2.0,3.0,0.0,0.0
E0,03/12/16,Man City,Chelsea,1.0,3.0,A,1.0,0.0,H,A Taylor,14.0,10.0,5.0,4.0,14.0,9.0,9.0,2.0,2.0,3.0,2.0,0.0
E0,14/12/16,Sunderland,Chelsea,0.0,1.0,A,0.0,1.0,A,N Swarbrick,8.0,19.0,3.0,6.0,15.0,10.0,5.0,5.0,3.0,2.0,0.0,0.0
E0,17/12/16,Crystal Palace,Chelsea,0.0,1.0,A,0.0,1.0,A,J Moss,6.0,13.0,2.0,6.0,12.0,15.0,5.0,3.0,2.0,3.0,0.0,0.0
E0,04/01/17,Tottenham,Chelsea,2.0,0.0,H,1.0,0.0,H,M Atkinson,9.0,11.0,2.0,2.0,9.0,8.0,1.0,6.0,3.0,2.0,0.0,0.0
E0,14/01/17,Leicester,Chelsea,0.0,3.0,A,0.0,1.0,A,A Marriner,7.0,8.0,2.0,3.0,8.0,9.0,3.0,5.0,1.0,0.0,0.0,0.0
E0,31/01/17,Liverpool,Chelsea,1.0,1.0,D,0.0,1.0,A,M Clattenburg,7.0,8.0,3.0,2.0,13.0,8.0,3.0,3.0,2.0,1.0,0.0,0.0
E0,12/02/17,Burnley,Chelsea,1.0,1.0,D,1.0,1.0,D,K Friend,6.0,13.0,4.0,2.0,12.0,11.0,1.0,1.0,3.0,2.0,0.0,0.0
E0,06/03/17,West Ham,Chelsea,1.0,2.0,A,0.0,1.0,A,A Marriner,11.0,9.0,2.0,4.0,8.0,8.0,6.0,4.0,0.0,1.0,0.0,0.0
E0,18/03/17,Stoke,Chelsea,1.0,2.0,A,1.0,1.0,D,A Taylor,5.0,20.0,1.0,7.0,16.0,11.0,5.0,11.0,4.0,2.0,1.0,0.0
E0,08/04/17,Bournemouth,Chelsea,1.0,3.0,A,1.0,2.0,A,A Marriner,12.0,15.0,1.0,5.0,7.0,11.0,4.0,4.0,2.0,3.0,0.0,0.0
E0,16/04/17,Man United,Chelsea,2.0,0.0,H,1.0,0.0,H,R Madley,9.0,5.0,3.0,0.0,16.0,20.0,1.0,3.0,3.0,3.0,0.0,0.0
E0,30/04/17,Everton,Chelsea,0.0,3.0,A,0.0,0.0,D,J Moss,12.0,11.0,4.0,5.0,13.0,11.0,2.0,4.0,3.0,4.0,0.0,0.0
E0,12/05/17,West Brom,Chelsea,0.0,1.0,A,0.0,0.0,D,M Oliver,7.0,24.0,2.0,5.0,13.0,8.0,5.0,8.0,3.0,0.0,0.0,0.0
E0,12/08/17,Chelsea,Burnley,2.0,3.0,A,0.0,3.0,A,C Pawson,19.0,10.0,6.0,5.0,16.0,11.0,8.0,5.0,3.0,3.0,2.0,0.0
E0,27/08/17,Chelsea,Everton,2.0,0.0,H,2.0,0.0,H,J Moss,18.0,7.0,7.0,0.0,12.0,7.0,6.0,3.0,2.0,2.0,0.0,0.0
E0,17/09/17,Chelsea,Arsenal,0.0,0.0,D,0.0,0.0,D,M Oliver,13.0,11.0,4.0,2.0,11.0,15.0,5.0,1.0,1.0,3.0,1.0,0.0
E0,30/09/17,Chelsea,Man City,0.0,1.0,A,0.0,0.0,D,M Atkinson,4.0,17.0,2.0,6.0,8.0,13.0,4.0,8.0,0.0,2.0,0.0,0.0
E0,21/10/17,Chelsea,Watford,4.0,2.0,H,1.0,1.0,D,J Moss,14.0,16.0,8.0,5.0,13.0,16.0,6.0,6.0,2.0,3.0,0.0,0.0
E0,05/11/17,Chelsea,Man United,1.0,0.0,H,0.0,0.0,D,A Taylor,18.0,10.0,8.0,2.0,16.0,20.0,4.0,7.0,1.0,3.0,0.0,0.0
E0,29/11/17,Chelsea,Swansea,1.0,0.0,H,0.0,0.0,D,N Swarbrick,21.0,2.0,10.0,0.0,10.0,7.0,15.0,1.0,1.0,0.0,0.0,0.0
E0,02/12/17,Chelsea,Newcastle,3.0,1.0,H,2.0,1.0,H,K Friend,23.0,8.0,9.0,2.0,8.0,13.0,11.0,4.0,0.0,1.0,0.0,0.0
E0,16/12/17,Chelsea,Southampton,1.0,0.0,H,1.0,0.0,H,R East,24.0,6.0,8.0,2.0,8.0,16.0,8.0,4.0,1.0,3.0,0.0,0.0
E0,26/12/17,Chelsea,Brighton,2.0,0.0,H,0.0,0.0,D,M Dean,25.0,8.0,8.0,1.0,8.0,8.0,13.0,1.0,0.0,1.0,0.0,0.0
E0,30/12/17,Chelsea,Stoke,5.0,0.0,H,3.0,0.0,H,K Friend,21.0,1.0,12.0,1.0,5.0,10.0,7.0,0.0,1.0,1.0,0.0,0.0
E0,13/01/18,Chelsea,Leicester,0.0,0.0,D,0.0,0.0,D,M Jones,17.0,14.0,7.0,1.0,14.0,13.0,6.0,3.0,2.0,2.0,0.0,1.0
E0,31/01/18,Chelsea,Bournemouth,0.0,3.0,A,0.0,0.0,D,L Probert,21.0,11.0,5.0,5.0,5.0,12.0,8.0,5.0,1.0,0.0,0.0,0.0
E0,12/02/18,Chelsea,West Brom,3.0,0.0,H,1.0,0.0,H,L Mason,20.0,8.0,8.0,1.0,11.0,11.0,8.0,7.0,0.0,2.0,0.0,0.0
E0,10/03/18,Chelsea,Crystal Palace,2.0,1.0,H,2.0,0.0,H,A Taylor,27.0,9.0,11.0,2.0,8.0,9.0,12.0,3.0,1.0,2.0,0.0,0.0
E0,01/04/18,Chelsea,Tottenham,1.0,3.0,A,1.0,1.0,D,A Marriner,14.0,12.0,4.0,7.0,4.0,11.0,5.0,5.0,0.0,1.0,0.0,0.0
E0,08/04/18,Chelsea,West Ham,1.0,1.0,D,1.0,0.0,H,K Friend,23.0,5.0,6.0,2.0,7.0,11.0,10.0,6.0,0.0,1.0,0.0,0.0
E0,06/05/18,Chelsea,Liverpool,1.0,0.0,H,1.0,0.0,H,A Taylor,12.0,10.0,4.0,5.0,12.0,9.0,3.0,1.0,3.0,2.0,0.0,0.0
E0,09/05/18,Chelsea,Huddersfield,1.0,1.0,D,0.0,0.0,D,L Mason,22.0,3.0,5.0,2.0,7.0,10.0,9.0,0.0,0.0,1.0,0.0,0.0
E0,20/08/17,Tottenham,Chelsea,1.0,2.0,A,0.0,1.0,A,A Taylor,18.0,9.0,6.0,2.0,14.0,21.0,14.0,3.0,3.0,3.0,0.0,0.0
E0,09/09/17,Leicester,Chelsea,1.0,2.0,A,0.0,1.0,A,L Mason,8.0,16.0,2.0,6.0,11.0,8.0,2.0,9.0,1.0,0.0,0.0,0.0
E0,23/09/17,Stoke,Chelsea,0.0,4.0,A,0.0,2.0,A,M Dean,13.0,7.0,2.0,4.0,5.0,14.0,5.0,0.0,2.0,2.0,0.0,0.0
E0,14/10/17,Crystal Palace,Chelsea,2.0,1.0,H,2.0,1.0,H,A Marriner,14.0,15.0,5.0,5.0,7.0,6.0,5.0,8.0,2.0,1.0,0.0,0.0
E0,28/10/17,Bournemouth,Chelsea,0.0,1.0,A,0.0,0.0,D,C Pawson,7.0,18.0,1.0,5.0,5.0,5.0,5.0,5.0,2.0,0.0,0.0,0.0
E0,18/11/17,West Brom,Chelsea,0.0,4.0,A,0.0,3.0,A,J Moss,7.0,11.0,2.0,7.0,13.0,12.0,3.0,4.0,2.0,3.0,0.0,0.0
E0,25/11/17,Liverpool,Chelsea,1.0,1.0,D,0.0,0.0,D,M Oliver,16.0,11.0,4.0,3.0,10.0,7.0,7.0,8.0,0.0,0.0,0.0,0.0
E0,09/12/17,West Ham,Chelsea,1.0,0.0,H,1.0,0.0,H,A Taylor,5.0,19.0,2.0,2.0,10.0,10.0,4.0,3.0,6.0,1.0,0.0,0.0
E0,12/12/17,Huddersfield,Chelsea,1.0,3.0,A,0.0,2.0,A,A Marriner,7.0,12.0,2.0,5.0,11.0,4.0,1.0,3.0,0.0,0.0,0.0,0.0
E0,23/12/17,Everton,Chelsea,0.0,0.0,D,0.0,0.0,D,R Madley,5.0,25.0,0.0,8.0,8.0,4.0,2.0,7.0,3.0,0.0,0.0,0.0
E0,03/01/18,Arsenal,Chelsea,2.0,2.0,D,0.0,0.0,D,A Taylor,14.0,19.0,6.0,6.0,11.0,11.0,10.0,8.0,3.0,2.0,0.0,0.0
E0,20/01/18,Brighton,Chelsea,0.0,4.0,A,0.0,2.0,A,J Moss,10.0,14.0,3.0,10.0,12.0,5.0,5.0,3.0,3.0,0.0,0.0,0.0
E0,05/02/18,Watford,Chelsea,4.0,1.0,H,1.0,0.0,H,M Dean,21.0,7.0,8.0,3.0,11.0,8.0,6.0,2.0,2.0,2.0,0.0,1.0
E0,25/02/18,Man United,Chelsea,2.0,1.0,H,1.0,1.0,D,M Atkinson,10.0,14.0,5.0,7.0,13.0,12.0,3.0,4.0,2.0,2.0,0.0,0.0
E0,04/03/18,Man City,Chelsea,1.0,0.0,H,0.0,0.0,D,M Oliver,13.0,3.0,3.0,0.0,8.0,9.0,5.0,2.0,2.0,1.0,0.0,0.0
E0,14/04/18,Southampton,Chelsea,2.0,3.0,A,1.0,0.0,H,M Dean,10.0,17.0,7.0,5.0,13.0,14.0,4.0,7.0,5.0,3.0,0.0,0.0
E0,19/04/18,Burnley,Chelsea,1.0,2.0,A,0.0,1.0,A,R Madley,5.0,16.0,2.0,5.0,9.0,11.0,3.0,2.0,1.0,0.0,0.0,0.0
E0,28/04/18,Swansea,Chelsea,0.0,1.0,A,0.0,1.0,A,J Moss,10.0,11.0,3.0,3.0,13.0,9.0,1.0,2.0,1.0,1.0,0.0,0.0
E0,13/05/18,Newcastle,Chelsea,3.0,0.0,H,1.0,0.0,H,M Atkinson,16.0,6.0,6.0,2.0,11.0,10.0,4.0,2.0,0.0,1.0,0.0,0.0
E0,18/08/2018,Chelsea,Arsenal,3.0,2.0,H,2.0,2.0,D,M Atkinson,24.0,15.0,11.0,6.0,12.0,9.0,5.0,1.0,0.0,2.0,0.0,0.0
E0,01/09/2018,Chelsea,Bournemouth,2.0,0.0,H,0.0,0.0,D,L Mason,24.0,8.0,6.0,1.0,10.0,7.0,7.0,6.0,2.0,2.0,0.0,0.0
E0,15/09/2018,Chelsea,Cardiff,4.0,1.0,H,2.0,1.0,H,J Moss,18.0,6.0,7.0,2.0,8.0,10.0,5.0,4.0,0.0,0.0,0.0,0.0
E0,29/09/2018,Chelsea,Liverpool,1.0,1.0,D,1.0,0.0,H,A Marriner,10.0,13.0,4.0,6.0,7.0,9.0,4.0,4.0,0.0,2.0,0.0,0.0
E0,20/10/2018,Chelsea,Man United,2.0,2.0,D,1.0,0.0,H,M Dean,21.0,7.0,6.0,4.0,9.0,17.0,5.0,3.0,2.0,5.0,0.0,0.0
E0,04/11/2018,Chelsea,Crystal Palace,3.0,1.0,H,1.0,0.0,H,M Oliver,15.0,7.0,6.0,2.0,6.0,13.0,4.0,2.0,0.0,1.0,0.0,0.0
E0,11/11/2018,Chelsea,Everton,0.0,0.0,D,0.0,0.0,D,K Friend,15.0,6.0,4.0,1.0,7.0,11.0,5.0,5.0,4.0,3.0,0.0,0.0
E0,02/12/2018,Chelsea,Fulham,2.0,0.0,H,1.0,0.0,H,C Pawson,16.0,9.0,9.0,4.0,8.0,17.0,4.0,6.0,2.0,1.0,0.0,0.0
E0,08/12/2018,Chelsea,Man City,2.0,0.0,H,1.0,0.0,H,M Oliver,8.0,14.0,5.0,4.0,12.0,11.0,1.0,13.0,2.0,0.0,0.0,0.0
E0,22/12/2018,Chelsea,Leicester,0.0,1.0,A,0.0,0.0,D,L Probert,17.0,8.0,5.0,3.0,10.0,9.0,9.0,5.0,0.0,2.0,0.0,0.0
E0,02/01/2019,Chelsea,Southampton,0.0,0.0,D,0.0,0.0,D,J Moss,17.0,6.0,6.0,2.0,8.0,11.0,7.0,2.0,1.0,2.0,0.0,0.0
E0,12/01/2019,Chelsea,Newcastle,2.0,1.0,H,1.0,1.0,D,C Kavanagh,10.0,9.0,6.0,2.0,6.0,13.0,8.0,5.0,1.0,1.0,0.0,0.0
E0,02/02/2019,Chelsea,Huddersfield,5.0,0.0,H,2.0,0.0,H,P Tierney,23.0,5.0,7.0,2.0,8.0,5.0,11.0,2.0,0.0,0.0,0.0,0.0
E0,27/02/2019,Chelsea,Tottenham,2.0,0.0,H,0.0,0.0,D,A Marriner,11.0,9.0,1.0,0.0,7.0,14.0,2.0,2.0,1.0,1.0,0.0,0.0
E0,10/03/2019,Chelsea,Wolves,1.0,1.0,D,0.0,0.0,D,M Oliver,22.0,2.0,6.0,1.0,8.0,14.0,13.0,0.0,1.0,4.0,0.0,0.0
E0,03/04/2019,Chelsea,Brighton,3.0,0.0,H,1.0,0.0,H,G Scott,17.0,3.0,4.0,1.0,5.0,9.0,7.0,1.0,0.0,0.0,0.0,0.0
E0,08/04/2019,Chelsea,West Ham,2.0,0.0,H,1.0,0.0,H,C Kavanagh,16.0,9.0,7.0,2.0,8.0,7.0,7.0,4.0,2.0,1.0,0.0,0.0
E0,22/04/2019,Chelsea,Burnley,2.0,2.0,D,2.0,2.0,D,K Friend,22.0,6.0,9.0,3.0,9.0,4.0,10.0,1.0,2.0,1.0,0.0,0.0
E0,05/05/2019,Chelsea,Watford,3.0,0.0,H,0.0,0.0,D,P Tierney,19.0,15.0,9.0,3.0,6.0,12.0,6.0,6.0,0.0,1.0,0.0,0.0
E0,11/08/2018,Huddersfield,Chelsea,0.0,3.0,A,0.0,2.0,A,C Kavanagh,6.0,13.0,1.0,4.0,9.0,8.0,2.0,5.0,2.0,1.0,0.0,0.0
E0,26/08/2018,Newcastle,Chelsea,1.0,2.0,A,0.0,0.0,D,P Tierney,6.0,15.0,2.0,3.0,16.0,8.0,4.0,5.0,3.0,1.0,0.0,0.0
E0,23/09/2018,West Ham,Chelsea,0.0,0.0,D,0.0,0.0,D,M Dean,6.0,17.0,1.0,6.0,11.0,9.0,1.0,8.0,2.0,1.0,0.0,0.0
E0,07/10/2018,Southampton,Chelsea,0.0,3.0,A,0.0,1.0,A,C Pawson,15.0,21.0,6.0,6.0,13.0,11.0,4.0,12.0,6.0,0.0,0.0,0.0
E0,28/10/2018,Burnley,Chelsea,0.0,4.0,A,0.0,1.0,A,C Pawson,7.0,24.0,1.0,8.0,14.0,10.0,4.0,4.0,4.0,2.0,0.0,0.0
E0,24/11/2018,Tottenham,Chelsea,3.0,1.0,H,2.0,0.0,H,M Atkinson,18.0,13.0,9.0,2.0,19.0,12.0,4.0,4.0,0.0,3.0,0.0,0.0
E0,05/12/2018,Wolves,Chelsea,2.0,1.0,H,0.0,1.0,A,J Moss,6.0,17.0,2.0,3.0,18.0,10.0,1.0,5.0,4.0,4.0,0.0,0.0
E0,16/12/2018,Brighton,Chelsea,1.0,2.0,A,0.0,2.0,A,S Attwell,6.0,10.0,2.0,3.0,14.0,6.0,4.0,1.0,2.0,2.0,0.0,0.0
E0,26/12/2018,Watford,Chelsea,1.0,2.0,A,1.0,1.0,D,M Atkinson,10.0,10.0,2.0,4.0,15.0,5.0,3.0,4.0,1.0,0.0,0.0,0.0
E0,30/12/2018,Crystal Palace,Chelsea,0.0,1.0,A,0.0,0.0,D,C Pawson,4.0,12.0,0.0,4.0,11.0,8.0,3.0,4.0,0.0,1.0,0.0,0.0
E0,19/01/2019,Arsenal,Chelsea,2.0,0.0,H,2.0,0.0,H,A Taylor,13.0,13.0,5.0,1.0,13.0,15.0,5.0,6.0,0.0,2.0,0.0,0.0
E0,30/01/2019,Bournemouth,Chelsea,4.0,0.0,H,0.0,0.0,D,R East,12.0,11.0,7.0,7.0,8.0,6.0,3.0,7.0,1.0,0.0,0.0,0.0
E0,10/02/2019,Man City,Chelsea,6.0,0.0,H,4.0,0.0,H,M Dean,15.0,12.0,9.0,4.0,9.0,13.0,2.0,2.0,1.0,2.0,0.0,0.0
E0,03/03/2019,Fulham,Chelsea,1.0,2.0,A,1.0,2.0,A,G Scott,12.0,20.0,5.0,7.0,11.0,10.0,5.0,4.0,2.0,1.0,0.0,0.0
E0,17/03/2019,Everton,Chelsea,2.0,0.0,H,0.0,0.0,D,A Taylor,15.0,16.0,8.0,5.0,17.0,9.0,3.0,4.0,1.0,2.0,0.0,0.0
E0,31/03/2019,Cardiff,Chelsea,1.0,2.0,A,0.0,0.0,D,C Pawson,8.0,21.0,3.0,3.0,8.0,14.0,2.0,7.0,2.0,3.0,0.0,0.0
E0,14/04/2019,Liverpool,Chelsea,2.0,0.0,H,0.0,0.0,D,M Oliver,15.0,6.0,7.0,3.0,5.0,9.0,9.0,2.0,0.0,1.0,0.0,0.0
E0,28/04/2019,Man United,Chelsea,1.0,1.0,D,1.0,1.0,D,M Atkinson,7.0,16.0,5.0,3.0,9.0,14.0,6.0,6.0,3.0,2.0,0.0,0.0
E0,12/05/2019,Leicester,Chelsea,0.0,0.0,D,0.0,0.0,D,A Taylor,9.0,14.0,3.0,4.0,9.0,8.0,4.0,5.0,0.0,1.0,0.0,0.0
E0,18/08/2019,Chelsea,Leicester,1.0,1.0,D,1.0,0.0,H,O Langford,14.0,12.0,5.0,3.0,9.0,14.0,4.0,5.0,1.0,0.0,0.0,0.0
E0,31/08/2019,Chelsea,Sheffield United,2.0,2.0,D,2.0,0.0,H,S Attwell,13.0,8.0,5.0,2.0,6.0,11.0,3.0,4.0,0.0,1.0,0.0,0.0
E0,22/09/2019,Chelsea,Liverpool,1.0,2.0,A,0.0,2.0,A,M Oliver,13.0,6.0,2.0,3.0,8.0,13.0,6.0,4.0,3.0,3.0,0.0,0.0
E0,28/09/2019,Chelsea,Brighton,2.0,0.0,H,0.0,0.0,D,C Kavanagh,24.0,8.0,10.0,1.0,5.0,13.0,5.0,2.0,2.0,3.0,0.0,0.0
E0,19/10/2019,Chelsea,Newcastle,1.0,0.0,H,0.0,0.0,D,A Marriner,16.0,5.0,8.0,0.0,9.0,12.0,11.0,0.0,2.0,1.0,0.0,0.0
E0,09/11/2019,Chelsea,Crystal Palace,2.0,0.0,H,0.0,0.0,D,M Dean,23.0,3.0,5.0,1.0,9.0,17.0,7.0,0.0,3.0,2.0,0.0,0.0
E0,30/11/2019,Chelsea,West Ham,0.0,1.0,A,0.0,0.0,D,J Moss,19.0,5.0,6.0,4.0,0.0,16.0,9.0,3.0,0.0,3.0,0.0,0.0
E0,04/12/2019,Chelsea,Aston Villa,2.0,1.0,H,1.0,1.0,D,C Kavanagh,25.0,9.0,9.0,3.0,18.0,10.0,9.0,5.0,2.0,1.0,0.0,0.0
E0,14/12/2019,Chelsea,Bournemouth,0.0,1.0,A,0.0,0.0,D,G Scott,18.0,11.0,5.0,2.0,9.0,14.0,9.0,4.0,1.0,2.0,0.0,0.0
E0,26/12/2019,Chelsea,Southampton,0.0,2.0,A,0.0,1.0,A,J Moss,10.0,5.0,3.0,3.0,10.0,9.0,8.0,1.0,3.0,2.0,0.0,0.0
E0,11/01/2020,Chelsea,Burnley,3.0,0.0,H,2.0,0.0,H,K Friend,18.0,7.0,8.0,2.0,7.0,4.0,10.0,3.0,0.0,3.0,0.0,0.0
E0,21/01/2020,Chelsea,Arsenal,2.0,2.0,D,1.0,0.0,H,S Attwell,19.0,2.0,8.0,2.0,11.0,6.0,17.0,5.0,2.0,1.0,0.0,1.0
E0,17/02/2020,Chelsea,Man United,0.0,2.0,A,0.0,1.0,A,A Taylor,17.0,9.0,1.0,3.0,11.0,11.0,9.0,8.0,4.0,3.0,0.0,0.0
E0,22/02/2020,Chelsea,Tottenham,2.0,1.0,H,1.0,0.0,H,M Oliver,17.0,5.0,7.0,3.0,14.0,14.0,3.0,5.0,1.0,2.0,0.0,0.0
E0,08/03/2020,Chelsea,Everton,4.0,0.0,H,2.0,0.0,H,K Friend,17.0,3.0,11.0,1.0,8.0,10.0,6.0,1.0,1.0,2.0,0.0,0.0
E0,25/06/2020,Chelsea,Man City,2.0,1.0,H,1.0,0.0,H,S Attwell,15.0,11.0,10.0,2.0,13.0,3.0,5.0,7.0,1.0,1.0,0.0,1.0
E0,04/07/2020,Chelsea,Watford,3.0,0.0,H,2.0,0.0,H,K Friend,21.0,7.0,9.0,3.0,9.0,12.0,5.0,3.0,0.0,2.0,0.0,0.0
E0,14/07/2020,Chelsea,Norwich,1.0,0.0,H,1.0,0.0,H,J Moss,22.0,2.0,6.0,0.0,10.0,9.0,8.0,1.0,2.0,2.0,0.0,0.0
E0,26/07/2020,Chelsea,Wolves,2.0,0.0,H,2.0,0.0,H,S Attwell,11.0,5.0,3.0,1.0,10.0,16.0,3.0,3.0,2.0,3.0,0.0,0.0
E0,11/08/2019,Man United,Chelsea,4.0,0.0,H,1.0,0.0,H,A Taylor,11.0,18.0,5.0,7.0,15.0,13.0,3.0,5.0,3.0,4.0,0.0,0.0
E0,24/08/2019,Norwich,Chelsea,2.0,3.0,A,2.0,2.0,D,M Atkinson,6.0,23.0,5.0,8.0,9.0,9.0,1.0,8.0,1.0,1.0,0.0,0.0
E0,14/09/2019,Wolves,Chelsea,2.0,5.0,A,0.0,3.0,A,G Scott,11.0,15.0,4.0,6.0,8.0,11.0,7.0,5.0,1.0,2.0,0.0,0.0
E0,06/10/2019,Southampton,Chelsea,1.0,4.0,A,1.0,3.0,A,P Tierney,10.0,13.0,3.0,7.0,8.0,15.0,3.0,4.0,0.0,1.0,0.0,0.0
E0,26/10/2019,Burnley,Chelsea,2.0,4.0,A,0.0,2.0,A,M Oliver,13.0,16.0,5.0,7.0,7.0,8.0,5.0,6.0,3.0,2.0,0.0,0.0
E0,02/11/2019,Watford,Chelsea,1.0,2.0,A,0.0,1.0,A,A Taylor,12.0,16.0,3.0,10.0,8.0,5.0,1.0,6.0,4.0,2.0,0.0,0.0
E0,23/11/2019,Man City,Chelsea,2.0,1.0,H,2.0,1.0,H,M Atkinson,15.0,11.0,4.0,2.0,5.0,9.0,8.0,2.0,1.0,1.0,0.0,0.0
E0,07/12/2019,Everton,Chelsea,3.0,1.0,H,1.0,0.0,H,C Pawson,13.0,15.0,7.0,4.0,14.0,9.0,1.0,5.0,3.0,0.0,0.0,0.0
E0,22/12/2019,Tottenham,Chelsea,0.0,2.0,A,0.0,2.0,A,A Taylor,5.0,13.0,1.0,3.0,9.0,11.0,3.0,5.0,4.0,3.0,1.0,0.0
E0,29/12/2019,Arsenal,Chelsea,1.0,2.0,A,1.0,0.0,H,C Pawson,7.0,13.0,2.0,4.0,13.0,19.0,2.0,3.0,5.0,4.0,0.0,0.0
E0,01/01/2020,Brighton,Chelsea,1.0,1.0,D,0.0,1.0,A,S Attwell,16.0,16.0,5.0,5.0,8.0,15.0,5.0,3.0,2.0,3.0,0.0,0.0
E0,18/01/2020,Newcastle,Chelsea,1.0,0.0,H,0.0,0.0,D,C Kavanagh,7.0,19.0,2.0,4.0,9.0,14.0,1.0,10.0,1.0,1.0,0.0,0.0
E0,01/02/2020,Leicester,Chelsea,2.0,2.0,D,0.0,0.0,D,L Mason,14.0,7.0,4.0,3.0,16.0,14.0,4.0,6.0,2.0,2.0,0.0,0.0
E0,29/02/2020,Bournemouth,Chelsea,2.0,2.0,D,0.0,1.0,A,A Marriner,9.0,23.0,5.0,6.0,8.0,5.0,4.0,14.0,2.0,2.0,0.0,0.0
E0,21/06/2020,Aston Villa,Chelsea,1.0,2.0,A,1.0,0.0,H,P Tierney,8.0,19.0,4.0,5.0,9.0,17.0,2.0,10.0,2.0,1.0,0.0,0.0
E0,01/07/2020,West Ham,Chelsea,3.0,2.0,H,1.0,1.0,D,M Atkinson,10.0,17.0,4.0,6.0,10.0,9.0,2.0,3.0,2.0,1.0,0.0,0.0
E0,07/07/2020,Crystal Palace,Chelsea,2.0,3.0,A,1.0,2.0,A,D Coote,13.0,14.0,4.0,6.0,11.0,10.0,7.0,9.0,1.0,0.0,0.0,0.0
E0,11/07/2020,Sheffield United,Chelsea,3.0,0.0,H,2.0,0.0,H,A Marriner,9.0,15.0,4.0,4.0,8.0,6.0,4.0,6.0,1.0,0.0,0.0,0.0
E0,22/07/2020,Liverpool,Chelsea,5.0,3.0,H,3.0,1.0,H,A Marriner,10.0,10.0,7.0,5.0,8.0,11.0,6.0,0.0,1.0,0.0,0.0,0.0
E0,20/09/2020,Chelsea,Liverpool,0.0,2.0,A,0.0,0.0,D,P Tierney,5.0,18.0,3.0,6.0,10.0,6.0,1.0,11.0,0.0,0.0,1.0,0.0
E0,03/10/2020,Chelsea,Crystal Palace,4.0,0.0,H,0.0,0.0,D,M Oliver,17.0,4.0,6.0,0.0,17.0,13.0,8.0,5.0,2.0,0.0,0.0,0.0
E0,17/10/2020,Chelsea,Southampton,3.0,3.0,D,2.0,1.0,H,P Bankes,11.0,13.0,5.0,6.0,11.0,9.0,6.0,2.0,1.0,1.0,0.0,0.0
E0,07/11/2020,Chelsea,Sheffield United,4.0,1.0,H,2.0,1.0,H,J Moss,20.0,6.0,9.0,3.0,5.0,14.0,6.0,7.0,0.0,2.0,0.0,0.0
E0,29/11/2020,Chelsea,Tottenham,0.0,0.0,D,0.0,0.0,D,P Tierney,13.0,5.0,3.0,1.0,20.0,9.0,3.0,3.0,4.0,2.0,0.0,0.0
E0,05/12/2020,Chelsea,Leeds,3.0,1.0,H,1.0,1.0,D,K Friend,23.0,8.0,11.0,3.0,12.0,9.0,8.0,4.0,0.0,2.0,0.0,0.0
E0,21/12/2020,Chelsea,West Ham,3.0,0.0,H,1.0,0.0,H,C Kavanagh,11.0,6.0,7.0,0.0,11.0,6.0,5.0,4.0,0.0,0.0,0.0,0.0
E0,28/12/2020,Chelsea,Aston Villa,1.0,1.0,D,1.0,0.0,H,S Attwell,16.0,10.0,5.0,2.0,16.0,3.0,11.0,4.0,3.0,1.0,0.0,0.0
E0,03/01/2021,Chelsea,Man City,1.0,3.0,A,0.0,3.0,A,A Taylor,9.0,18.0,2.0,6.0,11.0,10.0,5.0,3.0,3.0,1.0,0.0,0.0
E0,27/01/2021,Chelsea,Wolves,0.0,0.0,D,0.0,0.0,D,A Madley,14.0,4.0,5.0,0.0,14.0,7.0,13.0,1.0,1.0,1.0,0.0,0.0
E0,31/01/2021,Chelsea,Burnley,2.0,0.0,H,1.0,0.0,H,G Scott,19.0,1.0,8.0,0.0,7.0,9.0,4.0,2.0,0.0,1.0,0.0,0.0
E0,15/02/2021,Chelsea,Newcastle,2.0,0.0,H,2.0,0.0,H,P Bankes,18.0,10.0,5.0,4.0,9.0,13.0,10.0,5.0,0.0,0.0,0.0,0.0
E0,28/02/2021,Chelsea,Man United,0.0,0.0,D,0.0,0.0,D,S Attwell,18.0,11.0,6.0,4.0,11.0,12.0,3.0,4.0,1.0,2.0,0.0,0.0
E0,08/03/2021,Chelsea,Everton,2.0,0.0,H,1.0,0.0,H,D Coote,19.0,7.0,9.0,1.0,11.0,12.0,7.0,3.0,0.0,3.0,0.0,0.0
E0,03/04/2021,Chelsea,West Brom,2.0,5.0,A,1.0,2.0,A,D Coote,18.0,14.0,8.0,7.0,11.0,6.0,10.0,3.0,1.0,1.0,1.0,0.0
E0,20/04/2021,Chelsea,Brighton,0.0,0.0,D,0.0,0.0,D,S Attwell,7.0,11.0,4.0,2.0,8.0,9.0,0.0,3.0,2.0,0.0,0.0,1.0
E0,01/05/2021,Chelsea,Fulham,2.0,0.0,H,1.0,0.0,H,K Friend,9.0,10.0,5.0,3.0,15.0,8.0,1.0,8.0,1.0,1.0,0.0,0.0
E0,12/05/2021,Chelsea,Arsenal,0.0,1.0,A,0.0,1.0,A,A Marriner,19.0,5.0,5.0,2.0,7.0,6.0,9.0,1.0,0.0,1.0,0.0,0.0
E0,18/05/2021,Chelsea,Leicester,2.0,1.0,H,0.0,0.0,D,M Dean,17.0,7.0,6.0,3.0,15.0,16.0,6.0,5.0,2.0,4.0,0.0,0.0
E0,14/09/2020,Brighton,Chelsea,1.0,3.0,A,0.0,1.0,A,C Pawson,13.0,10.0,3.0,5.0,8.0,13.0,4.0,3.0,1.0,0.0,0.0,0.0
E0,26/09/2020,West Brom,Chelsea,3.0,3.0,D,3.0,0.0,H,J Moss,9.0,22.0,3.0,10.0,8.0,16.0,3.0,9.0,1.0,3.0,0.0,0.0
E0,24/10/2020,Man United,Chelsea,0.0,0.0,D,0.0,0.0,D,M Atkinson,14.0,6.0,4.0,1.0,8.0,6.0,9.0,6.0,3.0,1.0,0.0,0.0
E0,31/10/2020,Burnley,Chelsea,0.0,3.0,A,0.0,1.0,A,D Coote,5.0,14.0,0.0,9.0,10.0,15.0,3.0,4.0,1.0,0.0,0.0,0.0
E0,21/11/2020,Newcastle,Chelsea,0.0,2.0,A,0.0,1.0,A,C Pawson,8.0,14.0,1.0,3.0,11.0,12.0,7.0,4.0,2.0,0.0,0.0,0.0
E0,12/12/2020,Everton,Chelsea,1.0,0.0,H,1.0,0.0,H,J Moss,9.0,10.0,4.0,3.0,10.0,11.0,6.0,6.0,2.0,3.0,0.0,0.0
E0,15/12/2020,Wolves,Chelsea,2.0,1.0,H,0.0,0.0,D,S Attwell,12.0,13.0,4.0,3.0,12.0,12.0,5.0,6.0,2.0,2.0,0.0,0.0
E0,26/12/2020,Arsenal,Chelsea,3.0,1.0,H,2.0,0.0,H,M Oliver,15.0,19.0,7.0,3.0,13.0,10.0,7.0,9.0,2.0,1.0,0.0,0.0
E0,16/01/2021,Fulham,Chelsea,0.0,1.0,A,0.0,0.0,D,P Bankes,10.0,21.0,3.0,6.0,11.0,10.0,1.0,12.0,2.0,3.0,1.0,0.0
E0,19/01/2021,Leicester,Chelsea,2.0,0.0,H,2.0,0.0,H,C Pawson,8.0,9.0,6.0,5.0,7.0,16.0,6.0,3.0,1.0,3.0,0.0,0.0
E0,04/02/2021,Tottenham,Chelsea,0.0,1.0,A,0.0,1.0,A,A Marriner,7.0,18.0,2.0,2.0,20.0,14.0,2.0,7.0,2.0,3.0,0.0,0.0
E0,07/02/2021,Sheffield United,Chelsea,1.0,2.0,A,0.0,1.0,A,K Friend,8.0,9.0,3.0,3.0,8.0,8.0,1.0,8.0,1.0,0.0,0.0,0.0
E0,20/02/2021,Southampton,Chelsea,1.0,1.0,D,1.0,0.0,H,A Taylor,4.0,9.0,1.0,3.0,10.0,10.0,3.0,6.0,1.0,1.0,0.0,0.0
E0,04/03/2021,Liverpool,Chelsea,0.0,1.0,A,0.0,1.0,A,M Atkinson,7.0,11.0,1.0,5.0,9.0,8.0,5.0,2.0,0.0,0.0,0.0,0.0
E0,13/03/2021,Leeds,Chelsea,0.0,0.0,D,0.0,0.0,D,K Friend,7.0,15.0,4.0,8.0,16.0,6.0,8.0,5.0,3.0,0.0,0.0,0.0
E0,10/04/2021,Crystal Palace,Chelsea,1.0,4.0,A,0.0,3.0,A,M Oliver,1.0,23.0,1.0,10.0,7.0,12.0,0.0,8.0,1.0,0.0,0.0,0.0
E0,24/04/2021,West Ham,Chelsea,0.0,1.0,A,0.0,1.0,A,C Kavanagh,9.0,17.0,2.0,6.0,9.0,11.0,4.0,2.0,0.0,4.0,1.0,0.0
E0,08/05/2021,Man City,Chelsea,1.0,2.0,A,1.0,0.0,H,A Taylor,16.0,12.0,4.0,5.0,12.0,10.0,6.0,2.0,2.0,0.0,0.0,0.0
E0,23/05/2021,Aston Villa,Chelsea,2.0,1.0,H,1.0,0.0,H,S Attwell,6.0,23.0,3.0,7.0,11.0,12.0,2.0,9.0,3.0,3.0,0.0,1.0
